,allele,peptide,ic50,measurement_inequality,measurement_type,measurement_source,original_allele,log50k,length
107474,HLA-A*26:02,AADFPGIAR,20000.0,=,quantitative,Buus - purified MHC/direct/fluorescence,HLA-A*26:02,0.08468664586171759,9
107475,HLA-A*26:02,AEALLADGL,20000.0,=,quantitative,Buus - purified MHC/direct/fluorescence,HLA-A*26:02,0.08468664586171759,9
107476,HLA-A*26:02,AEHFENQVL,20000.0,=,quantitative,Buus - purified MHC/direct/fluorescence,HLA-A*26:02,0.08468664586171759,9
107478,HLA-A*26:02,AEMRAYHGF,619.0,=,quantitative,kim2014,HLA-A*26:02,0.40589306881208875,9
107479,HLA-A*26:02,AIARGFHFY,107.0,=,quantitative,Buus - purified MHC/direct/fluorescence,HLA-A*26:02,0.5681215722142137,9
107480,HLA-A*26:02,AIIDYIAYM,1.0,=,quantitative,kim2014,HLA-A*26:02,1.0,9
107482,HLA-A*26:02,ALFDRPAFK,20000.0,=,quantitative,Buus - purified MHC/direct/fluorescence,HLA-A*26:02,0.08468664586171759,9
107484,HLA-A*26:02,ALYSYASAK,20000.0,=,quantitative,Buus - purified MHC/competitive/fluorescence,HLA-A*26:02,0.08468664586171759,9
107486,HLA-A*26:02,AQIGVIGVF,5.0,=,quantitative,Buus - purified MHC/direct/fluorescence,HLA-A*26:02,0.8512503796170144,9
107487,HLA-A*26:02,AQNAISTTF,1207.0,=,quantitative,Buus - purified MHC/competitive/fluorescence,HLA-A*26:02,0.3441738791152795,9
107488,HLA-A*26:02,AQRWANQIR,3960.3,=,quantitative,Buus - purified MHC/competitive/fluorescence,HLA-A*26:02,0.2343581503060037,9
107489,HLA-A*26:02,ARHGEYAPF,738.1,=,quantitative,Buus - purified MHC/competitive/fluorescence,HLA-A*26:02,0.38962896066996877,9
107490,HLA-A*26:02,ARIDARIDF,20000.0,=,quantitative,Buus - purified MHC/competitive/fluorescence,HLA-A*26:02,0.08468664586171759,9
107491,HLA-A*26:02,ARWLFPVYL,20000.0,=,quantitative,Buus - purified MHC/direct/fluorescence,HLA-A*26:02,0.08468664586171759,9
107492,HLA-A*26:02,ARWMISSAL,3846.0,=,quantitative,Buus - purified MHC/competitive/fluorescence,HLA-A*26:02,0.23706487238812757,9
107494,HLA-A*26:02,ASFKAGKLR,20000.0,=,quantitative,Buus - purified MHC/direct/fluorescence,HLA-A*26:02,0.08468664586171759,9
107495,HLA-A*26:02,ATADLELAY,129.8,=,quantitative,Buus - purified MHC/competitive/fluorescence,HLA-A*26:02,0.5502685289511731,9
107496,HLA-A*26:02,ATFEAVLAK,20000.0,=,quantitative,Buus - purified MHC/competitive/fluorescence,HLA-A*26:02,0.08468664586171759,9
107498,HLA-A*26:02,ATIEAVLAK,20000.0,=,quantitative,Buus - purified MHC/competitive/fluorescence,HLA-A*26:02,0.08468664586171759,9
107499,HLA-A*26:02,ATNDGLIKK,20000.0,=,quantitative,Buus - purified MHC/direct/fluorescence,HLA-A*26:02,0.08468664586171759,9
107500,HLA-A*26:02,ATRAVMMGL,224.0,=,quantitative,Buus - purified MHC/direct/fluorescence,HLA-A*26:02,0.499837620549727,9
107501,HLA-A*26:02,ATSGYRIAY,418.0,=,quantitative,kim2014,HLA-A*26:02,0.44218067377397174,9
107503,HLA-A*26:02,AVFDSFVER,20000.0,=,quantitative,Buus - purified MHC/competitive/fluorescence,HLA-A*26:02,0.08468664586171759,9
107504,HLA-A*26:02,AVFPRYHPR,20000.0,=,quantitative,Buus - purified MHC/competitive/fluorescence,HLA-A*26:02,0.08468664586171759,9
107505,HLA-A*26:02,AVHGYYIGY,0.3,=,quantitative,Buus - purified MHC/competitive/fluorescence,HLA-A*26:02,1.1112751826033889,9
107506,HLA-A*26:02,AVMLVHTYY,1241.7,=,quantitative,Buus - purified MHC/competitive/fluorescence,HLA-A*26:02,0.34155428141371635,9
107508,HLA-A*26:02,AVTAALHRK,2526.0,=,quantitative,Buus - purified MHC/competitive/fluorescence,HLA-A*26:02,0.27591933060230545,9
107510,HLA-A*26:02,AVYSTFLHR,20000.0,=,quantitative,Buus - purified MHC/competitive/fluorescence,HLA-A*26:02,0.08468664586171759,9
107511,HLA-A*26:02,AYQPTRWFI,20000.0,=,quantitative,Buus - purified MHC/competitive/fluorescence,HLA-A*26:02,0.08468664586171759,9
107512,HLA-A*26:02,CEKRLLLKL,20000.0,=,quantitative,Buus - purified MHC/direct/fluorescence,HLA-A*26:02,0.08468664586171759,9
107513,HLA-A*26:02,CFMYSDFHF,20000.0,=,quantitative,Buus - purified MHC/direct/fluorescence,HLA-A*26:02,0.08468664586171759,9
107514,HLA-A*26:02,CVFKFIVAK,20000.0,=,quantitative,Buus - purified MHC/direct/fluorescence,HLA-A*26:02,0.08468664586171759,9
107515,HLA-A*26:02,CVLEAMAFL,14.0,=,quantitative,kim2014,HLA-A*26:02,0.7560895186347992,9
107516,HLA-A*26:02,CYMHVSDFY,20000.0,=,quantitative,Buus - purified MHC/competitive/fluorescence,HLA-A*26:02,0.08468664586171759,9
107517,HLA-A*26:02,DFGYATMAK,20000.0,=,quantitative,Buus - purified MHC/direct/fluorescence,HLA-A*26:02,0.08468664586171759,9
107518,HLA-A*26:02,DIAEHGAYY,1.0,=,quantitative,kim2014,HLA-A*26:02,1.0,9
107519,HLA-A*26:02,DIEPTLAYL,267.0,=,quantitative,kim2014,HLA-A*26:02,0.48360784190461115,9
107520,HLA-A*26:02,DIIWHLNDL,3.0,=,quantitative,Buus - purified MHC/direct/fluorescence,HLA-A*26:02,0.8984625876991352,9
107521,HLA-A*26:02,DIKDTKEAL,20000.0,=,quantitative,Buus - purified MHC/competitive/fluorescence,HLA-A*26:02,0.08468664586171759,9
107522,HLA-A*26:02,DILASIIDY,81.0,=,quantitative,kim2014,HLA-A*26:02,0.5938503507965411,9
107523,HLA-A*26:02,DIRQDVIAM,3.0,=,quantitative,kim2014,HLA-A*26:02,0.8984625876991352,9
107524,HLA-A*26:02,DIVGGLFTY,1.0,=,quantitative,Buus - purified MHC/direct/fluorescence,HLA-A*26:02,1.0,9
107525,HLA-A*26:02,DIVKGLSGY,1.0,=,quantitative,kim2014,HLA-A*26:02,1.0,9
107526,HLA-A*26:02,DIVRVFNEY,10.0,=,quantitative,kim2014,HLA-A*26:02,0.7871874050957464,9
107527,HLA-A*26:02,DLVKMMISY,19.0,=,quantitative,kim2014,HLA-A*26:02,0.7278651279380701,9
107528,HLA-A*26:02,DMRKRIEAF,7.3,=,quantitative,Buus - purified MHC/competitive/fluorescence,HLA-A*26:02,0.8162740218976038,9
107529,HLA-A*26:02,DPKKTGGPI,20000.0,=,quantitative,Buus - purified MHC/direct/fluorescence,HLA-A*26:02,0.08468664586171759,9
107530,HLA-A*26:02,DSPATLSAY,3.0,=,quantitative,kim2014,HLA-A*26:02,0.8984625876991352,9
107531,HLA-A*26:02,DTACLAKSY,34.0,=,quantitative,Buus - purified MHC/direct/fluorescence,HLA-A*26:02,0.6740819976230815,9
107532,HLA-A*26:02,DTGCRIDGY,135.0,=,quantitative,kim2014,HLA-A*26:02,0.5466381427144202,9
107533,HLA-A*26:02,DTIKTLPPI,1.0,=,quantitative,kim2014,HLA-A*26:02,1.0,9
107534,HLA-A*26:02,DTITNVTTM,1.0,=,quantitative,Buus - purified MHC/direct/fluorescence,HLA-A*26:02,1.0,9
107535,HLA-A*26:02,DTLKVCIGY,201.0,=,quantitative,Buus - purified MHC/direct/fluorescence,HLA-A*26:02,0.5098508704470994,9
107536,HLA-A*26:02,DTLKVGNTY,2606.0,=,quantitative,Buus - purified MHC/competitive/fluorescence,HLA-A*26:02,0.2730376213884227,9
107537,HLA-A*26:02,DTRGIFSAY,1.0,=,quantitative,kim2014,HLA-A*26:02,1.0,9
107538,HLA-A*26:02,DTTTDISKY,1.0,=,quantitative,Buus - purified MHC/direct/fluorescence,HLA-A*26:02,1.0,9
107539,HLA-A*26:02,DTVLFNAGL,41.0,=,quantitative,Buus - purified MHC/direct/fluorescence,HLA-A*26:02,0.6567792824317831,9
107540,HLA-A*26:02,DTVNWMPFE,86.0,=,quantitative,kim2014,HLA-A*26:02,0.5883143647525967,9
107541,HLA-A*26:02,DTWHGFKNM,34.0,=,quantitative,kim2014,HLA-A*26:02,0.6740819976230815,9
107542,HLA-A*26:02,DVADLFPAQ,649.0,=,quantitative,kim2014,HLA-A*26:02,0.4015189085681875,9
107543,HLA-A*26:02,DVKFHTQAF,3.0,=,quantitative,kim2014,HLA-A*26:02,0.8984625876991352,9
107544,HLA-A*26:02,DVSEWDAVY,1.0,=,quantitative,kim2014,HLA-A*26:02,1.0,9
107545,HLA-A*26:02,DWSGYSGSF,3447.0,=,quantitative,Buus - purified MHC/competitive/fluorescence,HLA-A*26:02,0.24718794115652154,9
107546,HLA-A*26:02,EAMDTISVF,1.0,=,quantitative,Buus - purified MHC/direct/fluorescence,HLA-A*26:02,1.0,9
107548,HLA-A*26:02,EEDEGEELF,20000.0,=,quantitative,Buus - purified MHC/direct/fluorescence,HLA-A*26:02,0.08468664586171759,9
107549,HLA-A*26:02,EEIRRIWRQ,20000.0,=,quantitative,Buus - purified MHC/direct/fluorescence,HLA-A*26:02,0.08468664586171759,9
107550,HLA-A*26:02,EELKSLFNTV,1076.1,=,quantitative,Buus - purified MHC/competitive/fluorescence,HLA-A*26:02,0.3547835741454066,10
107555,HLA-A*26:02,EFFGWAEGY,84.0,=,quantitative,kim2014,HLA-A*26:02,0.5904891318126664,9
107556,HLA-A*26:02,EFKQILTDF,456.8,=,quantitative,Buus - purified MHC/competitive/fluorescence,HLA-A*26:02,0.4339767879378875,9
107557,HLA-A*26:02,EFKRRLKDL,20000.0,=,quantitative,Buus - purified MHC/competitive/fluorescence,HLA-A*26:02,0.08468664586171759,9
107558,HLA-A*26:02,EFTSFFYRY,1104.0,=,quantitative,kim2014,HLA-A*26:02,0.3524178552778052,9
107559,HLA-A*26:02,EGINELGAM,1.0,=,quantitative,kim2014,HLA-A*26:02,1.0,9
107561,HLA-A*26:02,EIAQHGAWY,1.0,=,quantitative,Buus - purified MHC/direct/fluorescence,HLA-A*26:02,1.0,9
107562,HLA-A*26:02,EIASPVLVM,1.0,=,quantitative,kim2014,HLA-A*26:02,1.0,9
107564,HLA-A*26:02,EIFEQPKAL,296.0,=,quantitative,kim2014,HLA-A*26:02,0.4740779982041744,9
107565,HLA-A*26:02,EIFWDKKAY,364.0,=,quantitative,Buus - purified MHC/direct/fluorescence,HLA-A*26:02,0.45496536873277005,9
107566,HLA-A*26:02,EIIFYHPTF,1.0,=,quantitative,Buus - purified MHC/direct/fluorescence,HLA-A*26:02,1.0,9
107567,HLA-A*26:02,EIINNGISY,28.0,=,quantitative,Buus - purified MHC/direct/fluorescence,HLA-A*26:02,0.6920265441135312,9
107568,HLA-A*26:02,EIIPKIKAY,1.0,=,quantitative,Buus - purified MHC/direct/fluorescence,HLA-A*26:02,1.0,9
107569,HLA-A*26:02,EIKDRILSY,1.0,=,quantitative,kim2014,HLA-A*26:02,1.0,9
107570,HLA-A*26:02,EIKDTEEAL,20000.0,=,quantitative,Buus - purified MHC/competitive/fluorescence,HLA-A*26:02,0.08468664586171759,9
107571,HLA-A*26:02,EIKSLFNTI,20000.0,=,quantitative,Buus - purified MHC/competitive/fluorescence,HLA-A*26:02,0.08468664586171759,9
107573,HLA-A*26:02,EIYRTLYGL,6.0,=,quantitative,Buus - purified MHC/direct/fluorescence,HLA-A*26:02,0.8343996131778673,9
107576,HLA-A*26:02,EKPKFLPDL,20000.0,=,quantitative,Buus - purified MHC/direct/fluorescence,HLA-A*26:02,0.08468664586171759,9
107578,HLA-A*26:02,ELIKAMNHF,1.0,=,quantitative,Buus - purified MHC/competitive/fluorescence,HLA-A*26:02,1.0,9
107579,HLA-A*26:02,ELIKELPGY,1.0,=,quantitative,kim2014,HLA-A*26:02,1.0,9
107580,HLA-A*26:02,ELIRRVRRY,1.0,=,quantitative,Buus - purified MHC/direct/fluorescence,HLA-A*26:02,1.0,9
107581,HLA-A*26:02,ELRRRLPLF,1.0,=,quantitative,kim2014,HLA-A*26:02,1.0,9
107582,HLA-A*26:02,ELRSLYNTV,20000.0,=,quantitative,Buus - purified MHC/competitive/fluorescence,HLA-A*26:02,0.08468664586171759,9
107583,HLA-A*26:02,EMIWDPNGW,334.0,=,quantitative,kim2014,HLA-A*26:02,0.4629149655173892,9
107584,HLA-A*26:02,EMRFAYICT,20000.0,=,quantitative,Buus - purified MHC/direct/fluorescence,HLA-A*26:02,0.08468664586171759,9
107585,HLA-A*26:02,EPADHLAIM,1.0,=,quantitative,kim2014,HLA-A*26:02,1.0,9
107586,HLA-A*26:02,EPILEYVVY,110.0,=,quantitative,kim2014,HLA-A*26:02,0.5655659254529162,9
107587,HLA-A*26:02,EQRLIDICV,20000.0,=,quantitative,Buus - purified MHC/competitive/fluorescence,HLA-A*26:02,0.08468664586171759,9
107588,HLA-A*26:02,ETACLSKAY,7.0,=,quantitative,kim2014,HLA-A*26:02,0.8201524931560673,9
107589,HLA-A*26:02,ETALAIIRR,20000.0,=,quantitative,Buus - purified MHC/competitive/fluorescence,HLA-A*26:02,0.08468664586171759,9
107590,HLA-A*26:02,ETIDTIIDQ,222.0,=,quantitative,kim2014,HLA-A*26:02,0.5006665349458457,9
107591,HLA-A*26:02,ETIEDYLGY,1.0,=,quantitative,Buus - purified MHC/direct/fluorescence,HLA-A*26:02,1.0,9
107592,HLA-A*26:02,ETIEILRNY,1.0,=,quantitative,kim2014,HLA-A*26:02,1.0,9
107593,HLA-A*26:02,ETIGLVRAL,1.0,=,quantitative,Buus - purified MHC/direct/fluorescence,HLA-A*26:02,1.0,9
107594,HLA-A*26:02,ETKKTMLAL,1.0,=,quantitative,kim2014,HLA-A*26:02,1.0,9
107595,HLA-A*26:02,ETLETLLLL,55.0,=,quantitative,Buus - purified MHC/direct/fluorescence,HLA-A*26:02,0.6296288999741841,9
107596,HLA-A*26:02,ETPQGLAKI,28.0,=,quantitative,kim2014,HLA-A*26:02,0.6920265441135312,9
107597,HLA-A*26:02,ETQTGMHAH,6.0,=,quantitative,Buus - purified MHC/direct/fluorescence,HLA-A*26:02,0.8343996131778673,9
107598,HLA-A*26:02,ETTNWLWAF,1.0,=,quantitative,Buus - purified MHC/direct/fluorescence,HLA-A*26:02,1.0,9
107599,HLA-A*26:02,ETTNWLWTF,1.0,=,quantitative,kim2014,HLA-A*26:02,1.0,9
107600,HLA-A*26:02,ETVEWALKF,1.0,=,quantitative,Buus - purified MHC/direct/fluorescence,HLA-A*26:02,1.0,9
107601,HLA-A*26:02,ETVRHTMQE,501.0,=,quantitative,kim2014,HLA-A*26:02,0.4254405277377925,9
107602,HLA-A*26:02,ETWVETWAF,4.0,=,quantitative,kim2014,HLA-A*26:02,0.8718740509574638,9
107603,HLA-A*26:02,ETYKELKAH,11.8,=,quantitative,Buus - purified MHC/competitive/fluorescence,HLA-A*26:02,0.7718900085940033,9
107604,HLA-A*26:02,EVADRILFM,1.0,=,quantitative,kim2014,HLA-A*26:02,1.0,9
107605,HLA-A*26:02,EVADRVIFM,1.0,=,quantitative,Buus - purified MHC/direct/fluorescence,HLA-A*26:02,1.0,9
107606,HLA-A*26:02,EVAEKDAMY,1.0,=,quantitative,kim2014,HLA-A*26:02,1.0,9
107607,HLA-A*26:02,EVAESVMFM,1.0,=,quantitative,Buus - purified MHC/direct/fluorescence,HLA-A*26:02,1.0,9
107608,HLA-A*26:02,EVATRFNTM,1.0,=,quantitative,kim2014,HLA-A*26:02,1.0,9
107609,HLA-A*26:02,EVDQTKIQY,1614.0,=,quantitative,Buus - purified MHC/direct/fluorescence,HLA-A*26:02,0.3173177254960282,9
107610,HLA-A*26:02,EVEHRTRVR,20000.0,=,quantitative,Buus - purified MHC/competitive/fluorescence,HLA-A*26:02,0.08468664586171759,9
107611,HLA-A*26:02,EVFEIIRSY,1.0,=,quantitative,kim2014,HLA-A*26:02,1.0,9
107612,HLA-A*26:02,EVHTWTEQY,1.0,=,quantitative,Buus - purified MHC/direct/fluorescence,HLA-A*26:02,1.0,9
107613,HLA-A*26:02,EVHYSGINY,2.0,=,quantitative,Buus - purified MHC/direct/fluorescence,HLA-A*26:02,0.9359370254787319,9
107614,HLA-A*26:02,EVIEQWHSL,1.0,=,quantitative,Buus - purified MHC/competitive/fluorescence,HLA-A*26:02,1.0,9
107615,HLA-A*26:02,EVKSLFNTV,198.9,=,quantitative,Buus - purified MHC/competitive/fluorescence,HLA-A*26:02,0.5108215670661127,9
107616,HLA-A*26:02,EVNAHIHTM,1.0,=,quantitative,kim2014,HLA-A*26:02,1.0,9
107617,HLA-A*26:02,EVREFLGSY,1.0,=,quantitative,Buus - purified MHC/direct/fluorescence,HLA-A*26:02,1.0,9
107618,HLA-A*26:02,EVVDMLSTY,1.0,=,quantitative,kim2014,HLA-A*26:02,1.0,9
107619,HLA-A*26:02,EVVPGDYPM,1.0,=,quantitative,Buus - purified MHC/direct/fluorescence,HLA-A*26:02,1.0,9
107620,HLA-A*26:02,EYKKFIATF,818.3,=,quantitative,Buus - purified MHC/competitive/fluorescence,HLA-A*26:02,0.3800955212550454,9
107621,HLA-A*26:02,EYKKSLYKF,1591.4,=,quantitative,Buus - purified MHC/competitive/fluorescence,HLA-A*26:02,0.31862102742290566,9
107622,HLA-A*26:02,EYTDYMPSM,26.0,=,quantitative,Buus - purified MHC/direct/fluorescence,HLA-A*26:02,0.6988758500979708,9
107623,HLA-A*26:02,EYYFRNEVF,3487.7,=,quantitative,Buus - purified MHC/competitive/fluorescence,HLA-A*26:02,0.24610305703688984,9
107624,HLA-A*26:02,FCIKVLCPY,96.0,=,quantitative,Buus - purified MHC/direct/fluorescence,HLA-A*26:02,0.5781477150927951,9
107625,HLA-A*26:02,FCVKVLAPY,60.0,=,quantitative,kim2014,HLA-A*26:02,0.6215870182736136,9
107627,HLA-A*26:02,FENDIDEIL,20000.0,=,quantitative,Buus - purified MHC/direct/fluorescence,HLA-A*26:02,0.08468664586171759,9
107628,HLA-A*26:02,FFLFPMAAY,2.0,=,quantitative,Buus - purified MHC/direct/fluorescence,HLA-A*26:02,0.9359370254787319,9
107630,HLA-A*26:02,FIVEHINAM,1.0,=,quantitative,kim2014,HLA-A*26:02,1.0,9
107631,HLA-A*26:02,FIYFGKKQY,20000.0,=,quantitative,Buus - purified MHC/competitive/fluorescence,HLA-A*26:02,0.08468664586171759,9
107632,HLA-A*26:02,FLCPTFTLK,20000.0,=,quantitative,Buus - purified MHC/competitive/fluorescence,HLA-A*26:02,0.08468664586171759,9
107633,HLA-A*26:02,FLKNRFEAL,326.9,=,quantitative,Buus - purified MHC/competitive/fluorescence,HLA-A*26:02,0.46490083608531896,9
107634,HLA-A*26:02,FLMRNAIQY,1916.0,=,quantitative,Buus - purified MHC/competitive/fluorescence,HLA-A*26:02,0.3014648951336859,9
107635,HLA-A*26:02,FMKVKFEAL,20000.0,=,quantitative,Buus - purified MHC/competitive/fluorescence,HLA-A*26:02,0.08468664586171759,9
107636,HLA-A*26:02,FPASHMATY,1.0,=,quantitative,Buus - purified MHC/direct/fluorescence,HLA-A*26:02,1.0,9
107637,HLA-A*26:02,FPYTGDPPY,1645.0,=,quantitative,kim2014,HLA-A*26:02,0.31555938869193767,9
107638,HLA-A*26:02,FQAGMRLYF,20000.0,=,quantitative,Buus - purified MHC/direct/fluorescence,HLA-A*26:02,0.08468664586171759,9
107639,HLA-A*26:02,FQKDAKVLF,20000.0,=,quantitative,Buus - purified MHC/competitive/fluorescence,HLA-A*26:02,0.08468664586171759,9
107640,HLA-A*26:02,FQVNRFTGY,112.6,=,quantitative,Buus - purified MHC/competitive/fluorescence,HLA-A*26:02,0.5634067915687372,9
107641,HLA-A*26:02,FQYEHEQTF,212.3,=,quantitative,Buus - purified MHC/competitive/fluorescence,HLA-A*26:02,0.504795733529096,9
107642,HLA-A*26:02,FRFGDPMPF,20000.0,=,quantitative,Buus - purified MHC/competitive/fluorescence,HLA-A*26:02,0.08468664586171759,9
107643,HLA-A*26:02,FRHSVVVPY,20000.0,=,quantitative,Buus - purified MHC/competitive/fluorescence,HLA-A*26:02,0.08468664586171759,9
107644,HLA-A*26:02,FRRRKRMGF,20000.0,=,quantitative,Buus - purified MHC/direct/fluorescence,HLA-A*26:02,0.08468664586171759,9
107645,HLA-A*26:02,FSFEIALLK,20000.0,=,quantitative,Buus - purified MHC/direct/fluorescence,HLA-A*26:02,0.08468664586171759,9
107646,HLA-A*26:02,FTHREQLFM,28.0,=,quantitative,Buus - purified MHC/direct/fluorescence,HLA-A*26:02,0.6920265441135312,9
107647,HLA-A*26:02,FTTNIWMKF,27.0,=,quantitative,kim2014,HLA-A*26:02,0.6953877630974059,9
107648,HLA-A*26:02,FTWPWMKLF,469.0,=,quantitative,Buus - purified MHC/direct/fluorescence,HLA-A*26:02,0.4315407759040315,9
107649,HLA-A*26:02,FVAAFDHFY,1.0,=,quantitative,Buus - purified MHC/direct/fluorescence,HLA-A*26:02,1.0,9
107650,HLA-A*26:02,FVFEATKLY,66.8,=,quantitative,Buus - purified MHC/competitive/fluorescence,HLA-A*26:02,0.6116645859003748,9
107651,HLA-A*26:02,FVHSGFIYF,22.9,=,quantitative,Buus - purified MHC/competitive/fluorescence,HLA-A*26:02,0.710609882360371,9
107652,HLA-A*26:02,FVHTLLKTY,9.0,=,quantitative,kim2014,HLA-A*26:02,0.7969251753982706,9
107653,HLA-A*26:02,FVNRYGVAY,1.0,=,quantitative,kim2014,HLA-A*26:02,1.0,9
107654,HLA-A*26:02,FYHISTGGY,2843.0,=,quantitative,Buus - purified MHC/competitive/fluorescence,HLA-A*26:02,0.26499278426901274,9
107655,HLA-A*26:02,FYLFTFTIY,20000.0,=,quantitative,Buus - purified MHC/direct/fluorescence,HLA-A*26:02,0.08468664586171759,9
107656,HLA-A*26:02,FYLPNIVDY,20000.0,=,quantitative,Buus - purified MHC/competitive/fluorescence,HLA-A*26:02,0.08468664586171759,9
107657,HLA-A*26:02,FYPEKSTVI,20000.0,=,quantitative,Buus - purified MHC/direct/fluorescence,HLA-A*26:02,0.08468664586171759,9
107658,HLA-A*26:02,FYPINDDFY,20000.0,=,quantitative,Buus - purified MHC/competitive/fluorescence,HLA-A*26:02,0.08468664586171759,9
107659,HLA-A*26:02,FYRNISDPL,20000.0,=,quantitative,Buus - purified MHC/direct/fluorescence,HLA-A*26:02,0.08468664586171759,9
107664,HLA-A*26:02,GEYRSGNNL,20000.0,=,quantitative,Buus - purified MHC/direct/fluorescence,HLA-A*26:02,0.08468664586171759,9
107665,HLA-A*26:02,GFPSLESSF,20000.0,=,quantitative,Buus - purified MHC/competitive/fluorescence,HLA-A*26:02,0.08468664586171759,9
107666,HLA-A*26:02,GLAEKPNDY,20000.0,=,quantitative,Buus - purified MHC/direct/fluorescence,HLA-A*26:02,0.08468664586171759,9
107668,HLA-A*26:02,GLYRLNFRR,20000.0,=,quantitative,Buus - purified MHC/direct/fluorescence,HLA-A*26:02,0.08468664586171759,9
107670,HLA-A*26:02,GQFNRYAAM,637.2,=,quantitative,Buus - purified MHC/competitive/fluorescence,HLA-A*26:02,0.4032147971701411,9
107671,HLA-A*26:02,GQRVYSWVY,20000.0,=,quantitative,Buus - purified MHC/direct/fluorescence,HLA-A*26:02,0.08468664586171759,9
107672,HLA-A*26:02,GQVQLKKPY,20000.0,=,quantitative,Buus - purified MHC/direct/fluorescence,HLA-A*26:02,0.08468664586171759,9
107674,HLA-A*26:02,GRTFGKLPY,20000.0,=,quantitative,Buus - purified MHC/direct/fluorescence,HLA-A*26:02,0.08468664586171759,9
107675,HLA-A*26:02,GRVIPRMLY,2838.4,=,quantitative,Buus - purified MHC/competitive/fluorescence,HLA-A*26:02,0.2651424471819832,9
107676,HLA-A*26:02,GRWMLPQGM,20000.0,=,quantitative,Buus - purified MHC/competitive/fluorescence,HLA-A*26:02,0.08468664586171759,9
107677,HLA-A*26:02,GRYIVYSSY,20000.0,=,quantitative,Buus - purified MHC/competitive/fluorescence,HLA-A*26:02,0.08468664586171759,9
107678,HLA-A*26:02,GTEEIKSLY,1207.2,=,quantitative,Buus - purified MHC/competitive/fluorescence,HLA-A*26:02,0.34415856582957693,9
107680,HLA-A*26:02,GVFPINESF,20000.0,=,quantitative,Buus - purified MHC/competitive/fluorescence,HLA-A*26:02,0.08468664586171759,9
107682,HLA-A*26:02,GYAWIDFDI,20000.0,=,quantitative,Buus - purified MHC/direct/fluorescence,HLA-A*26:02,0.08468664586171759,9
107683,HLA-A*26:02,GYLEGTRTL,20000.0,=,quantitative,Buus - purified MHC/competitive/fluorescence,HLA-A*26:02,0.08468664586171759,9
107684,HLA-A*26:02,HEGDIVPLF,818.0,=,quantitative,kim2014,HLA-A*26:02,0.3801294111297684,9
107686,HLA-A*26:02,HFKKRFSTL,20000.0,=,quantitative,Buus - purified MHC/competitive/fluorescence,HLA-A*26:02,0.08468664586171759,9
107687,HLA-A*26:02,HRYLIRQSM,20000.0,=,quantitative,Buus - purified MHC/direct/fluorescence,HLA-A*26:02,0.08468664586171759,9
107688,HLA-A*26:02,HTAAPWGSY,3.9,=,quantitative,Buus - purified MHC/competitive/fluorescence,HLA-A*26:02,0.8742140072226278,9
107689,HLA-A*26:02,HTKKEMRSF,1.0,=,quantitative,kim2014,HLA-A*26:02,1.0,9
107690,HLA-A*26:02,HTTKGAALM,5.0,=,quantitative,kim2014,HLA-A*26:02,0.8512503796170144,9
107691,HLA-A*26:02,HVIASMRHF,1.0,=,quantitative,Buus - purified MHC/direct/fluorescence,HLA-A*26:02,1.0,9
107694,HLA-A*26:02,IATLYCVHQK,20000.0,=,quantitative,Buus - purified MHC/competitive/fluorescence,HLA-A*26:02,0.08468664586171759,10
107696,HLA-A*26:02,IAVLYCVHQR,20000.0,=,quantitative,Buus - purified MHC/competitive/fluorescence,HLA-A*26:02,0.08468664586171759,10
107698,HLA-A*26:02,IEAGDEVFF,20000.0,=,quantitative,Buus - purified MHC/direct/fluorescence,HLA-A*26:02,0.08468664586171759,9
107702,HLA-A*26:02,IFDDLQGSL,20000.0,=,quantitative,Buus - purified MHC/competitive/fluorescence,HLA-A*26:02,0.08468664586171759,9
107703,HLA-A*26:02,IFLIITKVF,20000.0,=,quantitative,Buus - purified MHC/direct/fluorescence,HLA-A*26:02,0.08468664586171759,9
107706,HLA-A*26:02,IFRRDQIWF,1316.5,=,quantitative,Buus - purified MHC/competitive/fluorescence,HLA-A*26:02,0.33614795145242216,9
107708,HLA-A*26:02,IHIPGDTLF,20000.0,=,quantitative,Buus - purified MHC/competitive/fluorescence,HLA-A*26:02,0.08468664586171759,9
107709,HLA-A*26:02,IHLDKGGQF,20000.0,=,quantitative,Buus - purified MHC/competitive/fluorescence,HLA-A*26:02,0.08468664586171759,9
107710,HLA-A*26:02,IHSDQLSKF,2677.9,=,quantitative,Buus - purified MHC/competitive/fluorescence,HLA-A*26:02,0.27052218846047993,9
107711,HLA-A*26:02,IIGLLKIFR,20000.0,=,quantitative,Buus - purified MHC/direct/fluorescence,HLA-A*26:02,0.08468664586171759,9
107713,HLA-A*26:02,IIYERDFSY,47.2,=,quantitative,Buus - purified MHC/competitive/fluorescence,HLA-A*26:02,0.6437640595514673,9
107714,HLA-A*26:02,IIYYQLAGY,1.0,=,quantitative,kim2014,HLA-A*26:02,1.0,9
107716,HLA-A*26:02,ILGVFRRPF,20000.0,=,quantitative,Buus - purified MHC/competitive/fluorescence,HLA-A*26:02,0.08468664586171759,9
107718,HLA-A*26:02,ILRPLGIEY,403.2,=,quantitative,Buus - purified MHC/competitive/fluorescence,HLA-A*26:02,0.44551241633098315,9
107719,HLA-A*26:02,IMNEGWASF,254.3,=,quantitative,Buus - purified MHC/competitive/fluorescence,HLA-A*26:02,0.48811199944750594,9
107720,HLA-A*26:02,IMYDSGAKY,2031.8,=,quantitative,Buus - purified MHC/competitive/fluorescence,HLA-A*26:02,0.2960412701217767,9
107723,HLA-A*26:02,IQFMHEQGY,20000.0,=,quantitative,Buus - purified MHC/competitive/fluorescence,HLA-A*26:02,0.08468664586171759,9
107726,HLA-A*26:02,IQVNKGVAY,20000.0,=,quantitative,Buus - purified MHC/competitive/fluorescence,HLA-A*26:02,0.08468664586171759,9
107728,HLA-A*26:02,IRHVYHNLK,20000.0,=,quantitative,Buus - purified MHC/direct/fluorescence,HLA-A*26:02,0.08468664586171759,9
107731,HLA-A*26:02,ISEDMHTDK,4394.9,=,quantitative,Buus - purified MHC/competitive/fluorescence,HLA-A*26:02,0.22473457068727232,9
107732,HLA-A*26:02,ITMVNSLTY,184.0,=,quantitative,kim2014,HLA-A*26:02,0.518018242099938,9
107733,HLA-A*26:02,ITSGHSWAY,34.0,=,quantitative,Buus - purified MHC/direct/fluorescence,HLA-A*26:02,0.6740819976230815,9
107734,HLA-A*26:02,ITTEQYAWF,2.0,=,quantitative,kim2014,HLA-A*26:02,0.9359370254787319,9
107735,HLA-A*26:02,IVHVDHECF,20000.0,=,quantitative,Buus - purified MHC/competitive/fluorescence,HLA-A*26:02,0.08468664586171759,9
107736,HLA-A*26:02,IYCGFKFAW,2447.0,=,quantitative,kim2014,HLA-A*26:02,0.27885601180154473,9
107737,HLA-A*26:02,IYLPIVHPF,20000.0,=,quantitative,Buus - purified MHC/competitive/fluorescence,HLA-A*26:02,0.08468664586171759,9
107738,HLA-A*26:02,IYTDEVYDY,20000.0,=,quantitative,Buus - purified MHC/competitive/fluorescence,HLA-A*26:02,0.08468664586171759,9
107740,HLA-A*26:02,IYTVIYYIF,1125.6,=,quantitative,Buus - purified MHC/competitive/fluorescence,HLA-A*26:02,0.35062703494361613,9
107741,HLA-A*26:02,IYWLIFWRF,20000.0,=,quantitative,Buus - purified MHC/direct/fluorescence,HLA-A*26:02,0.08468664586171759,9
107742,HLA-A*26:02,KECVDGTLL,20000.0,=,quantitative,Buus - purified MHC/direct/fluorescence,HLA-A*26:02,0.08468664586171759,9
107746,HLA-A*26:02,KGHLPLLDK,20000.0,=,quantitative,Buus - purified MHC/direct/fluorescence,HLA-A*26:02,0.08468664586171759,9
107747,HLA-A*26:02,KICEYIRSY,729.0,=,quantitative,Buus - purified MHC/direct/fluorescence,HLA-A*26:02,0.3907755261948117,9
107749,HLA-A*26:02,KIMDYGKYK,20000.0,=,quantitative,Buus - purified MHC/direct/fluorescence,HLA-A*26:02,0.08468664586171759,9
107751,HLA-A*26:02,KLEYLAPSY,20000.0,=,quantitative,Buus - purified MHC/direct/fluorescence,HLA-A*26:02,0.08468664586171759,9
107753,HLA-A*26:02,KLLNRVIGY,20000.0,=,quantitative,Buus - purified MHC/direct/fluorescence,HLA-A*26:02,0.08468664586171759,9
107754,HLA-A*26:02,KLMALELFK,20000.0,=,quantitative,Buus - purified MHC/direct/fluorescence,HLA-A*26:02,0.08468664586171759,9
107756,HLA-A*26:02,KLVGIELPK,20000.0,=,quantitative,Buus - purified MHC/direct/fluorescence,HLA-A*26:02,0.08468664586171759,9
107757,HLA-A*26:02,KLYPNVDFY,20000.0,=,quantitative,Buus - purified MHC/competitive/fluorescence,HLA-A*26:02,0.08468664586171759,9
107759,HLA-A*26:02,KMFHGGLRY,20000.0,=,quantitative,Buus - purified MHC/competitive/fluorescence,HLA-A*26:02,0.08468664586171759,9
107760,HLA-A*26:02,KNYPASLHK,20000.0,=,quantitative,Buus - purified MHC/competitive/fluorescence,HLA-A*26:02,0.08468664586171759,9
107762,HLA-A*26:02,KQWGWFALL,20000.0,=,quantitative,Buus - purified MHC/direct/fluorescence,HLA-A*26:02,0.08468664586171759,9
107764,HLA-A*26:02,KRFLNGAKY,20000.0,=,quantitative,Buus - purified MHC/competitive/fluorescence,HLA-A*26:02,0.08468664586171759,9
107765,HLA-A*26:02,KRFNITVSK,2640.2,=,quantitative,Buus - purified MHC/competitive/fluorescence,HLA-A*26:02,0.2718325880856003,9
107766,HLA-A*26:02,KRFYQTVGF,20000.0,=,quantitative,Buus - purified MHC/direct/fluorescence,HLA-A*26:02,0.08468664586171759,9
107767,HLA-A*26:02,KRINSLIKY,20000.0,=,quantitative,Buus - purified MHC/competitive/fluorescence,HLA-A*26:02,0.08468664586171759,9
107768,HLA-A*26:02,KRIRLKHIF,20000.0,=,quantitative,Buus - purified MHC/direct/fluorescence,HLA-A*26:02,0.08468664586171759,9
107769,HLA-A*26:02,KRLLLKLDF,20000.0,=,quantitative,Buus - purified MHC/competitive/fluorescence,HLA-A*26:02,0.08468664586171759,9
107770,HLA-A*26:02,KRMGVQMQR,20000.0,=,quantitative,Buus - purified MHC/direct/fluorescence,HLA-A*26:02,0.08468664586171759,9
107771,HLA-A*26:02,KRMMIRYCL,20000.0,=,quantitative,Buus - purified MHC/competitive/fluorescence,HLA-A*26:02,0.08468664586171759,9
107772,HLA-A*26:02,KRMMVRHCL,20000.0,=,quantitative,Buus - purified MHC/direct/fluorescence,HLA-A*26:02,0.08468664586171759,9
107775,HLA-A*26:02,KSLFNTIATLY,20000.0,=,quantitative,Buus - purified MHC/competitive/fluorescence,HLA-A*26:02,0.08468664586171759,11
107776,HLA-A*26:02,KSLFNTIAVLY,1106.4,=,quantitative,Buus - purified MHC/competitive/fluorescence,HLA-A*26:02,0.35221715305855206,11
107777,HLA-A*26:02,KSLFNTVATLY,20000.0,=,quantitative,Buus - purified MHC/competitive/fluorescence,HLA-A*26:02,0.08468664586171759,11
107778,HLA-A*26:02,KSLFNTVAVLY,2021.8,=,quantitative,Buus - purified MHC/competitive/fluorescence,HLA-A*26:02,0.29649727724205166,11
107779,HLA-A*26:02,KSLYNTIATLY,1061.8,=,quantitative,Buus - purified MHC/competitive/fluorescence,HLA-A*26:02,0.35601999625176817,11
107780,HLA-A*26:02,KSLYNTIAVLY,1391.8,=,quantitative,Buus - purified MHC/competitive/fluorescence,HLA-A*26:02,0.3310072570673507,11
107782,HLA-A*26:02,KSNRIPFLY,20000.0,=,quantitative,Buus - purified MHC/direct/fluorescence,HLA-A*26:02,0.08468664586171759,9
107783,HLA-A*26:02,KSRCASPST,20000.0,=,quantitative,Buus - purified MHC/direct/fluorescence,HLA-A*26:02,0.08468664586171759,9
107785,HLA-A*26:02,KSYCQPLPE,20000.0,=,quantitative,Buus - purified MHC/direct/fluorescence,HLA-A*26:02,0.08468664586171759,9
107786,HLA-A*26:02,KVFDKSLLY,1993.6,=,quantitative,Buus - purified MHC/competitive/fluorescence,HLA-A*26:02,0.29779546965945647,9
107787,HLA-A*26:02,KVFFVNWFR,3960.1,=,quantitative,Buus - purified MHC/competitive/fluorescence,HLA-A*26:02,0.2343628179155014,9
107788,HLA-A*26:02,KVMDFGIAR,20000.0,=,quantitative,Buus - purified MHC/competitive/fluorescence,HLA-A*26:02,0.08468664586171759,9
107789,HLA-A*26:02,KVMVICYAY,20000.0,=,quantitative,Buus - purified MHC/competitive/fluorescence,HLA-A*26:02,0.08468664586171759,9
107790,HLA-A*26:02,KVQEWYLSY,1208.7,=,quantitative,Buus - purified MHC/competitive/fluorescence,HLA-A*26:02,0.344043796988744,9
107791,HLA-A*26:02,KYFDDVTAF,20000.0,=,quantitative,Buus - purified MHC/competitive/fluorescence,HLA-A*26:02,0.08468664586171759,9
107792,HLA-A*26:02,KYFVRSTEK,20000.0,=,quantitative,Buus - purified MHC/direct/fluorescence,HLA-A*26:02,0.08468664586171759,9
107793,HLA-A*26:02,KYLFSPNML,20000.0,=,quantitative,Buus - purified MHC/direct/fluorescence,HLA-A*26:02,0.08468664586171759,9
107794,HLA-A*26:02,KYMDNELVY,20000.0,=,quantitative,Buus - purified MHC/direct/fluorescence,HLA-A*26:02,0.08468664586171759,9
107795,HLA-A*26:02,KYQSPVNIF,20000.0,=,quantitative,Buus - purified MHC/competitive/fluorescence,HLA-A*26:02,0.08468664586171759,9
107796,HLA-A*26:02,KYTHFFSGF,2335.0,=,quantitative,Buus - purified MHC/competitive/fluorescence,HLA-A*26:02,0.28318612764201245,9
107797,HLA-A*26:02,KYYLAYTSY,20000.0,=,quantitative,Buus - purified MHC/competitive/fluorescence,HLA-A*26:02,0.08468664586171759,9
107799,HLA-A*26:02,KYYTSYTLK,20000.0,=,quantitative,Buus - purified MHC/direct/fluorescence,HLA-A*26:02,0.08468664586171759,9
107801,HLA-A*26:02,LEHGLYPQL,20000.0,=,quantitative,Buus - purified MHC/direct/fluorescence,HLA-A*26:02,0.08468664586171759,9
107805,HLA-A*26:02,LFLSFCSLF,20000.0,=,quantitative,Buus - purified MHC/competitive/fluorescence,HLA-A*26:02,0.08468664586171759,9
107806,HLA-A*26:02,LFNTIATLY,20000.0,=,quantitative,Buus - purified MHC/competitive/fluorescence,HLA-A*26:02,0.08468664586171759,9
107807,HLA-A*26:02,LFNTVAVLY,19999.9233662,=,quantitative,kim2014,HLA-A*26:02,0.08468699999996698,9
107808,HLA-A*26:02,LIPLWMAGL,40.0,=,quantitative,kim2014,HLA-A*26:02,0.6590614560532103,9
107810,HLA-A*26:02,LLLLISLVY,20000.0,=,quantitative,Buus - purified MHC/direct/fluorescence,HLA-A*26:02,0.08468664586171759,9
107811,HLA-A*26:02,LLRDKDGVY,20000.0,=,quantitative,Buus - purified MHC/direct/fluorescence,HLA-A*26:02,0.08468664586171759,9
107812,HLA-A*26:02,LLRRRPYPL,20000.0,=,quantitative,Buus - purified MHC/direct/fluorescence,HLA-A*26:02,0.08468664586171759,9
107813,HLA-A*26:02,LMWASSGFF,96.4,=,quantitative,Buus - purified MHC/competitive/fluorescence,HLA-A*26:02,0.5777634179252038,9
107815,HLA-A*26:02,LQIRGRERF,20000.0,=,quantitative,Buus - purified MHC/competitive/fluorescence,HLA-A*26:02,0.08468664586171759,9
107817,HLA-A*26:02,LSPGMMMGM,319.0,=,quantitative,Buus - purified MHC/direct/fluorescence,HLA-A*26:02,0.4671618076415077,9
107818,HLA-A*26:02,LTFLDCLYY,20000.0,=,quantitative,Buus - purified MHC/competitive/fluorescence,HLA-A*26:02,0.08468664586171759,9
107820,HLA-A*26:02,LTITYSSSM,2.0,=,quantitative,kim2014,HLA-A*26:02,0.9359370254787319,9
107821,HLA-A*26:02,LTKEEFTRY,280.0,=,quantitative,Buus - purified MHC/direct/fluorescence,HLA-A*26:02,0.4792139492092776,9
107822,HLA-A*26:02,LTVKHMANV,6.0,=,quantitative,kim2014,HLA-A*26:02,0.8343996131778673,9
107823,HLA-A*26:02,LVALTLTSY,180.0,=,quantitative,Buus - purified MHC/direct/fluorescence,HLA-A*26:02,0.5200496059727489,9
107824,HLA-A*26:02,LVAPHMAMM,1.0,=,quantitative,kim2014,HLA-A*26:02,1.0,9
107825,HLA-A*26:02,LVGGREWSY,20000.0,=,quantitative,Buus - purified MHC/competitive/fluorescence,HLA-A*26:02,0.08468664586171759,9
107826,HLA-A*26:02,LVLAVGPAY,544.0,=,quantitative,Buus - purified MHC/direct/fluorescence,HLA-A*26:02,0.4178300995380094,9
107827,HLA-A*26:02,LVRGNSPVF,20000.0,=,quantitative,Buus - purified MHC/competitive/fluorescence,HLA-A*26:02,0.08468664586171759,9
107828,HLA-A*26:02,LYDYKENRF,20000.0,=,quantitative,Buus - purified MHC/competitive/fluorescence,HLA-A*26:02,0.08468664586171759,9
107830,HLA-A*26:02,LYNTIAVLY,20000.0,=,quantitative,Buus - purified MHC/competitive/fluorescence,HLA-A*26:02,0.08468664586171759,9
107831,HLA-A*26:02,LYNTVATLY,19999.9233662,=,quantitative,kim2014,HLA-A*26:02,0.08468699999996698,9
107832,HLA-A*26:02,LYNTVAVLY,19999.9233662,=,quantitative,kim2014,HLA-A*26:02,0.08468699999996698,9
107833,HLA-A*26:02,LYRYIQWLR,20000.0,=,quantitative,Buus - purified MHC/direct/fluorescence,HLA-A*26:02,0.08468664586171759,9
107835,HLA-A*26:02,MEFWLVAAL,20000.0,=,quantitative,Buus - purified MHC/direct/fluorescence,HLA-A*26:02,0.08468664586171759,9
107836,HLA-A*26:02,MFINDVHAL,20000.0,=,quantitative,Buus - purified MHC/competitive/fluorescence,HLA-A*26:02,0.08468664586171759,9
107837,HLA-A*26:02,MGKTITDVK,2739.2,=,quantitative,Buus - purified MHC/competitive/fluorescence,HLA-A*26:02,0.2684303709483228,9
107839,HLA-A*26:02,MLVGHMPFM,1.0,=,quantitative,Buus - purified MHC/direct/fluorescence,HLA-A*26:02,1.0,9
107840,HLA-A*26:02,MMHASTSPF,57.9,=,quantitative,Buus - purified MHC/competitive/fluorescence,HLA-A*26:02,0.6248798008710615,9
107842,HLA-A*26:02,MQYLNPPPY,1059.0,=,quantitative,Buus - purified MHC/competitive/fluorescence,HLA-A*26:02,0.3562640414141325,9
107843,HLA-A*26:02,MTRGLLGSY,2.0,=,quantitative,kim2014,HLA-A*26:02,0.9359370254787319,9
107844,HLA-A*26:02,MVFQNYALY,0.3,=,quantitative,Buus - purified MHC/competitive/fluorescence,HLA-A*26:02,1.1112751826033889,9
107845,HLA-A*26:02,MVSIQWHAM,29.0,=,quantitative,kim2014,HLA-A*26:02,0.6887832872843379,9
107846,HLA-A*26:02,MYQYIFLSF,2533.8,=,quantitative,Buus - purified MHC/competitive/fluorescence,HLA-A*26:02,0.27563437760452003,9
107847,HLA-A*26:02,NELGYSGYF,52.2,=,quantitative,Buus - purified MHC/competitive/fluorescence,HLA-A*26:02,0.634458083065594,9
107848,HLA-A*26:02,NFWLNTLLF,20000.0,=,quantitative,Buus - purified MHC/competitive/fluorescence,HLA-A*26:02,0.08468664586171759,9
107849,HLA-A*26:02,NHHPRARSM,20000.0,=,quantitative,Buus - purified MHC/competitive/fluorescence,HLA-A*26:02,0.08468664586171759,9
107850,HLA-A*26:02,NIMEFCKAY,2143.8,=,quantitative,Buus - purified MHC/competitive/fluorescence,HLA-A*26:02,0.2910820321235926,9
107851,HLA-A*26:02,NIVFSPFGY,154.0,=,quantitative,Buus - purified MHC/direct/fluorescence,HLA-A*26:02,0.5344680389919689,9
107852,HLA-A*26:02,NLPSKPVWL,565.4,=,quantitative,Buus - purified MHC/competitive/fluorescence,HLA-A*26:02,0.4142640192183098,9
107853,HLA-A*26:02,NMAPEKVDF,1997.9,=,quantitative,Buus - purified MHC/competitive/fluorescence,HLA-A*26:02,0.29759633625245563,9
107854,HLA-A*26:02,NQECWDSVF,384.0,=,quantitative,Buus - purified MHC/competitive/fluorescence,HLA-A*26:02,0.4500217660502589,9
107855,HLA-A*26:02,NQLYLTVSF,20000.0,=,quantitative,Buus - purified MHC/competitive/fluorescence,HLA-A*26:02,0.08468664586171759,9
107856,HLA-A*26:02,NQQGITPNY,20000.0,=,quantitative,Buus - purified MHC/competitive/fluorescence,HLA-A*26:02,0.08468664586171759,9
107857,HLA-A*26:02,NQQVTNSKY,20000.0,=,quantitative,Buus - purified MHC/competitive/fluorescence,HLA-A*26:02,0.08468664586171759,9
107859,HLA-A*26:02,NRWKSWFSY,20000.0,=,quantitative,Buus - purified MHC/competitive/fluorescence,HLA-A*26:02,0.08468664586171759,9
107861,HLA-A*26:02,NSDPNTPDK,2876.2,=,quantitative,Buus - purified MHC/competitive/fluorescence,HLA-A*26:02,0.26391973586671713,9
107863,HLA-A*26:02,NVHTWTEQY,3.0,=,quantitative,kim2014,HLA-A*26:02,0.8984625876991352,9
107864,HLA-A*26:02,NYFNRMFHF,20000.0,=,quantitative,Buus - purified MHC/competitive/fluorescence,HLA-A*26:02,0.08468664586171759,9
107865,HLA-A*26:02,NYPASLHKF,20000.0,=,quantitative,Buus - purified MHC/competitive/fluorescence,HLA-A*26:02,0.08468664586171759,9
107866,HLA-A*26:02,PHPVVVRTL,20000.0,=,quantitative,Buus - purified MHC/direct/fluorescence,HLA-A*26:02,0.08468664586171759,9
107867,HLA-A*26:02,PLYRLSPKK,20000.0,=,quantitative,Buus - purified MHC/direct/fluorescence,HLA-A*26:02,0.08468664586171759,9
107868,HLA-A*26:02,PRFGSCYFL,20000.0,=,quantitative,Buus - purified MHC/direct/fluorescence,HLA-A*26:02,0.08468664586171759,9
107870,HLA-A*26:02,PYDCKELRL,20000.0,=,quantitative,Buus - purified MHC/direct/fluorescence,HLA-A*26:02,0.08468664586171759,9
107871,HLA-A*26:02,QENEIYTYF,20000.0,=,quantitative,Buus - purified MHC/competitive/fluorescence,HLA-A*26:02,0.08468664586171759,9
107872,HLA-A*26:02,QGKQHLHSL,20000.0,=,quantitative,Buus - purified MHC/competitive/fluorescence,HLA-A*26:02,0.08468664586171759,9
107873,HLA-A*26:02,QHSFMANRM,20000.0,=,quantitative,Buus - purified MHC/competitive/fluorescence,HLA-A*26:02,0.08468664586171759,9
107875,HLA-A*26:02,QMRAVGQPL,20000.0,=,quantitative,Buus - purified MHC/direct/fluorescence,HLA-A*26:02,0.08468664586171759,9
107876,HLA-A*26:02,QQLYTSPSF,20000.0,=,quantitative,Buus - purified MHC/competitive/fluorescence,HLA-A*26:02,0.08468664586171759,9
107877,HLA-A*26:02,QQYHRFGLY,5.3,=,quantitative,Buus - purified MHC/competitive/fluorescence,HLA-A*26:02,0.8458649727637213,9
107880,HLA-A*26:02,QTDPLWQKY,2788.0,=,quantitative,kim2014,HLA-A*26:02,0.2667983055335966,9
107881,HLA-A*26:02,QTPLSSPFY,165.0,=,quantitative,kim2014,HLA-A*26:02,0.5280914876733195,9
107882,HLA-A*26:02,QVFKGVVIR,20000.0,=,quantitative,Buus - purified MHC/competitive/fluorescence,HLA-A*26:02,0.08468664586171759,9
107883,HLA-A*26:02,QVGIFLICK,20000.0,=,quantitative,Buus - purified MHC/direct/fluorescence,HLA-A*26:02,0.08468664586171759,9
107884,HLA-A*26:02,QVIEYLKPY,1.0,=,quantitative,Buus - purified MHC/direct/fluorescence,HLA-A*26:02,1.0,9
107885,HLA-A*26:02,QVIFKCVPK,20000.0,=,quantitative,Buus - purified MHC/competitive/fluorescence,HLA-A*26:02,0.08468664586171759,9
107886,HLA-A*26:02,QVQMLINTY,118.0,=,quantitative,Buus - purified MHC/direct/fluorescence,HLA-A*26:02,0.5590774136897496,9
107887,HLA-A*26:02,QWSPGPGRL,20000.0,=,quantitative,Buus - purified MHC/competitive/fluorescence,HLA-A*26:02,0.08468664586171759,9
107890,HLA-A*26:02,RDITAFEGL,20000.0,=,quantitative,Buus - purified MHC/direct/fluorescence,HLA-A*26:02,0.08468664586171759,9
107891,HLA-A*26:02,RECGARVIL,20000.0,=,quantitative,Buus - purified MHC/direct/fluorescence,HLA-A*26:02,0.08468664586171759,9
107892,HLA-A*26:02,REFEAQNVP,20000.0,=,quantitative,Buus - purified MHC/direct/fluorescence,HLA-A*26:02,0.08468664586171759,9
107895,HLA-A*26:02,REMGIVDLL,20000.0,=,quantitative,Buus - purified MHC/direct/fluorescence,HLA-A*26:02,0.08468664586171759,9
107896,HLA-A*26:02,RENGGYWLL,2337.0,=,quantitative,kim2014,HLA-A*26:02,0.2831069980689884,9
107897,HLA-A*26:02,RENQVAVVR,20000.0,=,quantitative,Buus - purified MHC/direct/fluorescence,HLA-A*26:02,0.08468664586171759,9
107898,HLA-A*26:02,REQASYLYV,20000.0,=,quantitative,Buus - purified MHC/direct/fluorescence,HLA-A*26:02,0.08468664586171759,9
107899,HLA-A*26:02,REVFDYLLP,20000.0,=,quantitative,Buus - purified MHC/direct/fluorescence,HLA-A*26:02,0.08468664586171759,9
107900,HLA-A*26:02,REVFYFGKF,2349.5,=,quantitative,Buus - purified MHC/competitive/fluorescence,HLA-A*26:02,0.28261396726338506,9
107901,HLA-A*26:02,REVLNVRYM,621.0,=,quantitative,Buus - purified MHC/direct/fluorescence,HLA-A*26:02,0.405594928761148,9
107903,HLA-A*26:02,RFRCVGPAP,20000.0,=,quantitative,Buus - purified MHC/competitive/fluorescence,HLA-A*26:02,0.08468664586171759,9
107906,HLA-A*26:02,RHYKRWPFY,20000.0,=,quantitative,Buus - purified MHC/direct/fluorescence,HLA-A*26:02,0.08468664586171759,9
107910,HLA-A*26:02,RIYKTIKQY,20000.0,=,quantitative,Buus - purified MHC/competitive/fluorescence,HLA-A*26:02,0.08468664586171759,9
107913,HLA-A*26:02,RKWGLDFCY,20000.0,=,quantitative,Buus - purified MHC/competitive/fluorescence,HLA-A*26:02,0.08468664586171759,9
107914,HLA-A*26:02,RLASYGLYY,888.9,=,quantitative,Buus - purified MHC/competitive/fluorescence,HLA-A*26:02,0.3724469610406894,9
107916,HLA-A*26:02,RMMETWHPL,20000.0,=,quantitative,Buus - purified MHC/competitive/fluorescence,HLA-A*26:02,0.08468664586171759,9
107917,HLA-A*26:02,RQADILRQF,20000.0,=,quantitative,Buus - purified MHC/direct/fluorescence,HLA-A*26:02,0.08468664586171759,9
107918,HLA-A*26:02,RQAELSKAY,20000.0,=,quantitative,Buus - purified MHC/competitive/fluorescence,HLA-A*26:02,0.08468664586171759,9
107919,HLA-A*26:02,RQHGFTPSK,20000.0,=,quantitative,Buus - purified MHC/direct/fluorescence,HLA-A*26:02,0.08468664586171759,9
107921,HLA-A*26:02,RRCPHHERC,1426.1,=,quantitative,Buus - purified MHC/competitive/fluorescence,HLA-A*26:02,0.32875715806420847,9
107923,HLA-A*26:02,RRFNLFNKF,20000.0,=,quantitative,Buus - purified MHC/competitive/fluorescence,HLA-A*26:02,0.08468664586171759,9
107924,HLA-A*26:02,RRGKANKPR,20000.0,=,quantitative,Buus - purified MHC/direct/fluorescence,HLA-A*26:02,0.08468664586171759,9
107925,HLA-A*26:02,RRMATTFTF,20000.0,=,quantitative,Buus - purified MHC/direct/fluorescence,HLA-A*26:02,0.08468664586171759,9
107926,HLA-A*26:02,RRMGGLRKY,278.5,=,quantitative,Buus - purified MHC/competitive/fluorescence,HLA-A*26:02,0.47971040520502106,9
107928,HLA-A*26:02,RRSLLAHVR,20000.0,=,quantitative,Buus - purified MHC/direct/fluorescence,HLA-A*26:02,0.08468664586171759,9
107930,HLA-A*26:02,RRYDKLMSF,20000.0,=,quantitative,Buus - purified MHC/competitive/fluorescence,HLA-A*26:02,0.08468664586171759,9
107932,HLA-A*26:02,RRYTRRISL,20000.0,=,quantitative,Buus - purified MHC/direct/fluorescence,HLA-A*26:02,0.08468664586171759,9
107933,HLA-A*26:02,RSLFNTIATLY,2151.5,=,quantitative,Buus - purified MHC/competitive/fluorescence,HLA-A*26:02,0.29075066507271674,11
107934,HLA-A*26:02,RSLFNTIAVLY,1350.1,=,quantitative,Buus - purified MHC/competitive/fluorescence,HLA-A*26:02,0.3338187018907053,11
107935,HLA-A*26:02,RSLFNTVATLY,2863.8,=,quantitative,Buus - purified MHC/competitive/fluorescence,HLA-A*26:02,0.2643190568230992,11
107936,HLA-A*26:02,RSLFNTVAVLY,3071.9,=,quantitative,Buus - purified MHC/competitive/fluorescence,HLA-A*26:02,0.2578358511075475,11
107937,HLA-A*26:02,RSLYNTIATLY,921.2,=,quantitative,Buus - purified MHC/competitive/fluorescence,HLA-A*26:02,0.369148148092708,11
107938,HLA-A*26:02,RSLYNTVATLY,20000.0,=,quantitative,Buus - purified MHC/competitive/fluorescence,HLA-A*26:02,0.08468664586171759,11
107939,HLA-A*26:02,RSLYNTVAVLY,2362.6,=,quantitative,Buus - purified MHC/competitive/fluorescence,HLA-A*26:02,0.2821000779927001,11
107942,HLA-A*26:02,RTFGKLPYR,20000.0,=,quantitative,Buus - purified MHC/direct/fluorescence,HLA-A*26:02,0.08468664586171759,9
107946,HLA-A*26:02,RVFGFRTAK,20000.0,=,quantitative,Buus - purified MHC/competitive/fluorescence,HLA-A*26:02,0.08468664586171759,9
107947,HLA-A*26:02,RVLGRVLPY,20000.0,=,quantitative,Buus - purified MHC/competitive/fluorescence,HLA-A*26:02,0.08468664586171759,9
107948,HLA-A*26:02,RVMPVFAFK,20000.0,=,quantitative,Buus - purified MHC/competitive/fluorescence,HLA-A*26:02,0.08468664586171759,9
107950,HLA-A*26:02,RVVDLYIGR,20000.0,=,quantitative,Buus - purified MHC/competitive/fluorescence,HLA-A*26:02,0.08468664586171759,9
107953,HLA-A*26:02,RVYLQGHGY,20000.0,=,quantitative,Buus - purified MHC/competitive/fluorescence,HLA-A*26:02,0.08468664586171759,9
107954,HLA-A*26:02,RVYNNTARY,528.2,=,quantitative,Buus - purified MHC/competitive/fluorescence,HLA-A*26:02,0.4205542077607609,9
107955,HLA-A*26:02,RVYVAQKRK,20000.0,=,quantitative,Buus - purified MHC/competitive/fluorescence,HLA-A*26:02,0.08468664586171759,9
107957,HLA-A*26:02,RYPGVMYAF,4761.9,=,quantitative,Buus - purified MHC/competitive/fluorescence,HLA-A*26:02,0.21732203704691122,9
107958,HLA-A*26:02,RYRRLIQIL,20000.0,=,quantitative,Buus - purified MHC/direct/fluorescence,HLA-A*26:02,0.08468664586171759,9
107960,HLA-A*26:02,RYTRRISLF,2823.8,=,quantitative,Buus - purified MHC/competitive/fluorescence,HLA-A*26:02,0.265619075945002,9
107963,HLA-A*26:02,SEHFSLLFL,20000.0,=,quantitative,Buus - purified MHC/direct/fluorescence,HLA-A*26:02,0.08468664586171759,9
107964,HLA-A*26:02,SEINNLNLT,20000.0,=,quantitative,Buus - purified MHC/direct/fluorescence,HLA-A*26:02,0.08468664586171759,9
107967,HLA-A*26:02,SFSFGGFTF,1837.9,=,quantitative,Buus - purified MHC/competitive/fluorescence,HLA-A*26:02,0.305311190590529,9
107968,HLA-A*26:02,SGIDTNAYY,20000.0,=,quantitative,Buus - purified MHC/direct/fluorescence,HLA-A*26:02,0.08468664586171759,9
107969,HLA-A*26:02,SHAKVLVTF,20000.0,=,quantitative,Buus - purified MHC/competitive/fluorescence,HLA-A*26:02,0.08468664586171759,9
107972,HLA-A*26:02,SHYSHNPKL,20000.0,=,quantitative,Buus - purified MHC/competitive/fluorescence,HLA-A*26:02,0.08468664586171759,9
107973,HLA-A*26:02,SIIQEKLGY,85.0,=,quantitative,Buus - purified MHC/direct/fluorescence,HLA-A*26:02,0.589395351761364,9
107974,HLA-A*26:02,SLASIGTSF,51.6,=,quantitative,Buus - purified MHC/competitive/fluorescence,HLA-A*26:02,0.6355265728347175,9
107975,HLA-A*26:02,SLFTEQAFY,20000.0,=,quantitative,Buus - purified MHC/competitive/fluorescence,HLA-A*26:02,0.08468664586171759,9
107976,HLA-A*26:02,SLICGAALY,17.5,=,quantitative,Buus - purified MHC/competitive/fluorescence,HLA-A*26:02,0.7354658472943497,9
107977,HLA-A*26:02,SLSEPWRDF,4619.6,=,quantitative,Buus - purified MHC/competitive/fluorescence,HLA-A*26:02,0.22012603415368082,9
107978,HLA-A*26:02,SLYKYLLLR,20000.0,=,quantitative,Buus - purified MHC/direct/fluorescence,HLA-A*26:02,0.08468664586171759,9
107979,HLA-A*26:02,SLYPPCLFK,20000.0,=,quantitative,Buus - purified MHC/direct/fluorescence,HLA-A*26:02,0.08468664586171759,9
107980,HLA-A*26:02,SQIETGTPF,0.8,=,quantitative,Buus - purified MHC/competitive/fluorescence,HLA-A*26:02,1.0206236713404495,9
107981,HLA-A*26:02,SQMPPQKIM,20000.0,=,quantitative,Buus - purified MHC/competitive/fluorescence,HLA-A*26:02,0.08468664586171759,9
107985,HLA-A*26:02,SRSKPAAMY,20000.0,=,quantitative,Buus - purified MHC/competitive/fluorescence,HLA-A*26:02,0.08468664586171759,9
107986,HLA-A*26:02,SRTPSGKRL,2797.8,=,quantitative,Buus - purified MHC/competitive/fluorescence,HLA-A*26:02,0.26647400118375875,9
107989,HLA-A*26:02,SSDDIPPRW,20000.0,=,quantitative,Buus - purified MHC/competitive/fluorescence,HLA-A*26:02,0.08468664586171759,9
107990,HLA-A*26:02,SSHNHIPGY,42.0,=,quantitative,kim2014,HLA-A*26:02,0.6545521063339345,9
107991,HLA-A*26:02,SSNPVMSRF,411.3,=,quantitative,Buus - purified MHC/competitive/fluorescence,HLA-A*26:02,0.4436741015377975,9
107992,HLA-A*26:02,STKAACPTM,1043.0,=,quantitative,Buus - purified MHC/direct/fluorescence,HLA-A*26:02,0.3576710841649594,9
107993,HLA-A*26:02,STPAILHIM,3.0,=,quantitative,Buus - purified MHC/direct/fluorescence,HLA-A*26:02,0.8984625876991352,9
107994,HLA-A*26:02,STSRSYMSF,1.0,=,quantitative,kim2014,HLA-A*26:02,1.0,9
107995,HLA-A*26:02,STYQPLPLY,1.0,=,quantitative,Buus - purified MHC/direct/fluorescence,HLA-A*26:02,1.0,9
107996,HLA-A*26:02,SVFPFDGTR,1989.0,=,quantitative,Buus - purified MHC/competitive/fluorescence,HLA-A*26:02,0.29800897216185906,9
107997,HLA-A*26:02,SVIDHIHYM,1.0,=,quantitative,kim2014,HLA-A*26:02,1.0,9
107998,HLA-A*26:02,SVKEDLVAY,2.0,=,quantitative,kim2014,HLA-A*26:02,0.9359370254787319,9
107999,HLA-A*26:02,SVKKDLISY,2.0,=,quantitative,Buus - purified MHC/direct/fluorescence,HLA-A*26:02,0.9359370254787319,9
108000,HLA-A*26:02,SWKQSKMWR,20000.0,=,quantitative,Buus - purified MHC/competitive/fluorescence,HLA-A*26:02,0.08468664586171759,9
108001,HLA-A*26:02,SYINRTGTF,3667.5,=,quantitative,Buus - purified MHC/competitive/fluorescence,HLA-A*26:02,0.24145714502832227,9
108003,HLA-A*26:02,SYLKPHIFE,20000.0,=,quantitative,Buus - purified MHC/direct/fluorescence,HLA-A*26:02,0.08468664586171759,9
108005,HLA-A*26:02,SYVFNFHKY,4092.9,=,quantitative,Buus - purified MHC/competitive/fluorescence,HLA-A*26:02,0.23131428153010025,9
108007,HLA-A*26:02,THYSGNIVH,20000.0,=,quantitative,Buus - purified MHC/competitive/fluorescence,HLA-A*26:02,0.08468664586171759,9
108009,HLA-A*26:02,TKDAERGKL,20000.0,=,quantitative,Buus - purified MHC/direct/fluorescence,HLA-A*26:02,0.08468664586171759,9
108010,HLA-A*26:02,TKDETREQL,20000.0,=,quantitative,Buus - purified MHC/direct/fluorescence,HLA-A*26:02,0.08468664586171759,9
108011,HLA-A*26:02,TLYCVHQEI,20000.0,=,quantitative,Buus - purified MHC/competitive/fluorescence,HLA-A*26:02,0.08468664586171759,9
108012,HLA-A*26:02,TMLYNKMEF,20000.0,=,quantitative,Buus - purified MHC/competitive/fluorescence,HLA-A*26:02,0.08468664586171759,9
108014,HLA-A*26:02,TQRKKTLGF,3310.0,=,quantitative,kim2014,HLA-A*26:02,0.25093627102795635,9
108016,HLA-A*26:02,TSKLNHHFP,20000.0,=,quantitative,Buus - purified MHC/direct/fluorescence,HLA-A*26:02,0.08468664586171759,9
108017,HLA-A*26:02,TTADHMHML,3.0,=,quantitative,Buus - purified MHC/direct/fluorescence,HLA-A*26:02,0.8984625876991352,9
108018,HLA-A*26:02,TTAEFTVPK,20000.0,=,quantitative,Buus - purified MHC/competitive/fluorescence,HLA-A*26:02,0.08468664586171759,9
108019,HLA-A*26:02,TTAKAMEQM,2.0,=,quantitative,Buus - purified MHC/direct/fluorescence,HLA-A*26:02,0.9359370254787319,9
108021,HLA-A*26:02,TTILGLLPM,1.0,=,quantitative,Buus - purified MHC/direct/fluorescence,HLA-A*26:02,1.0,9
108023,HLA-A*26:02,TTVDHMAII,12.0,=,quantitative,Buus - purified MHC/direct/fluorescence,HLA-A*26:02,0.7703366386565992,9
108024,HLA-A*26:02,TVADIWHAM,1.0,=,quantitative,kim2014,HLA-A*26:02,1.0,9
108025,HLA-A*26:02,TVAHQVCPY,11.0,=,quantitative,kim2014,HLA-A*26:02,0.7783785203571697,9
108026,HLA-A*26:02,TVGYMYIMK,20000.0,=,quantitative,Buus - purified MHC/competitive/fluorescence,HLA-A*26:02,0.08468664586171759,9
108027,HLA-A*26:02,TVIRFWHAM,1.0,=,quantitative,Buus - purified MHC/direct/fluorescence,HLA-A*26:02,1.0,9
108028,HLA-A*26:02,TVLEFILQK,20000.0,=,quantitative,Buus - purified MHC/competitive/fluorescence,HLA-A*26:02,0.08468664586171759,9
108029,HLA-A*26:02,TYLYNKYSF,4275.8,=,quantitative,Buus - purified MHC/competitive/fluorescence,HLA-A*26:02,0.22727376859349413,9
108030,HLA-A*26:02,TYSPALNKM,530.7,=,quantitative,Buus - purified MHC/competitive/fluorescence,HLA-A*26:02,0.4201177949391025,9
108033,HLA-A*26:02,VELGSGNSF,20000.0,=,quantitative,Buus - purified MHC/direct/fluorescence,HLA-A*26:02,0.08468664586171759,9
108037,HLA-A*26:02,VFFKQWFEK,20000.0,=,quantitative,Buus - purified MHC/direct/fluorescence,HLA-A*26:02,0.08468664586171759,9
108038,HLA-A*26:02,VFMDNAFKK,20000.0,=,quantitative,Buus - purified MHC/direct/fluorescence,HLA-A*26:02,0.08468664586171759,9
108039,HLA-A*26:02,VFSPFGYSF,20000.0,=,quantitative,Buus - purified MHC/competitive/fluorescence,HLA-A*26:02,0.08468664586171759,9
108042,HLA-A*26:02,VLYCVHQEI,20000.0,=,quantitative,Buus - purified MHC/competitive/fluorescence,HLA-A*26:02,0.08468664586171759,9
108045,HLA-A*26:02,VMAASGAPF,20000.0,=,quantitative,Buus - purified MHC/competitive/fluorescence,HLA-A*26:02,0.08468664586171759,9
108047,HLA-A*26:02,VRVCACPGR,20000.0,=,quantitative,Buus - purified MHC/competitive/fluorescence,HLA-A*26:02,0.08468664586171759,9
108048,HLA-A*26:02,VSIRGSHHK,20000.0,=,quantitative,Buus - purified MHC/direct/fluorescence,HLA-A*26:02,0.08468664586171759,9
108049,HLA-A*26:02,VTFFCVMTY,1777.0,=,quantitative,Buus - purified MHC/direct/fluorescence,HLA-A*26:02,0.30842558586102453,9
108050,HLA-A*26:02,VTIPQIGGM,1.0,=,quantitative,kim2014,HLA-A*26:02,1.0,9
108051,HLA-A*26:02,VTRGAVLMY,103.0,=,quantitative,kim2014,HLA-A*26:02,0.5716428870906161,9
108052,HLA-A*26:02,VVFEDGLPR,20000.0,=,quantitative,Buus - purified MHC/competitive/fluorescence,HLA-A*26:02,0.08468664586171759,9
108053,HLA-A*26:02,VYFVLTDRF,20000.0,=,quantitative,Buus - purified MHC/competitive/fluorescence,HLA-A*26:02,0.08468664586171759,9
108054,HLA-A*26:02,VYSFDESSF,191.8,=,quantitative,Buus - purified MHC/competitive/fluorescence,HLA-A*26:02,0.5141810650572094,9
108057,HLA-A*26:02,WESGAVLCV,20000.0,=,quantitative,Buus - purified MHC/direct/fluorescence,HLA-A*26:02,0.08468664586171759,9
108058,HLA-A*26:02,WFGHLASDW,20000.0,=,quantitative,Buus - purified MHC/competitive/fluorescence,HLA-A*26:02,0.08468664586171759,9
108060,HLA-A*26:02,WLKERLPGF,0.4,=,quantitative,Buus - purified MHC/competitive/fluorescence,HLA-A*26:02,1.0846866458617175,9
108063,HLA-A*26:02,WMACHSAAF,0.4,=,quantitative,Buus - purified MHC/competitive/fluorescence,HLA-A*26:02,1.0846866458617175,9
108064,HLA-A*26:02,WQFAIHYSF,833.3,=,quantitative,Buus - purified MHC/competitive/fluorescence,HLA-A*26:02,0.37841667873375284,9
108065,HLA-A*26:02,WQFGPSTYY,3371.0,=,quantitative,Buus - purified MHC/competitive/fluorescence,HLA-A*26:02,0.24924850567981938,9
108067,HLA-A*26:02,WRWKSQVTI,20000.0,=,quantitative,Buus - purified MHC/competitive/fluorescence,HLA-A*26:02,0.08468664586171759,9
108068,HLA-A*26:02,WTIGNRAPY,1.0,=,quantitative,Buus - purified MHC/direct/fluorescence,HLA-A*26:02,1.0,9
108069,HLA-A*26:02,YADHGANQL,20000.0,=,quantitative,Buus - purified MHC/competitive/fluorescence,HLA-A*26:02,0.08468664586171759,9
108070,HLA-A*26:02,YAYEPGSVM,21.8,=,quantitative,Buus - purified MHC/competitive/fluorescence,HLA-A*26:02,0.7151596004295555,9
108073,HLA-A*26:02,YELDLWGKI,20000.0,=,quantitative,Buus - purified MHC/direct/fluorescence,HLA-A*26:02,0.08468664586171759,9
108078,HLA-A*26:02,YHRFGLYRL,20000.0,=,quantitative,Buus - purified MHC/direct/fluorescence,HLA-A*26:02,0.08468664586171759,9
108079,HLA-A*26:02,YHRPLTGYM,20000.0,=,quantitative,Buus - purified MHC/competitive/fluorescence,HLA-A*26:02,0.08468664586171759,9
108080,HLA-A*26:02,YHSQGSWYK,20000.0,=,quantitative,Buus - purified MHC/direct/fluorescence,HLA-A*26:02,0.08468664586171759,9
108081,HLA-A*26:02,YIVGYFALM,3.0,=,quantitative,kim2014,HLA-A*26:02,0.8984625876991352,9
108082,HLA-A*26:02,YKEPNSIIL,20000.0,=,quantitative,Buus - purified MHC/direct/fluorescence,HLA-A*26:02,0.08468664586171759,9
108083,HLA-A*26:02,YLAPSYRNF,4.2,=,quantitative,Buus - purified MHC/competitive/fluorescence,HLA-A*26:02,0.8673647012381881,9
108084,HLA-A*26:02,YLHDPLTPY,877.3,=,quantitative,Buus - purified MHC/competitive/fluorescence,HLA-A*26:02,0.37366100940360436,9
108085,HLA-A*26:02,YMGLVKKAK,20000.0,=,quantitative,Buus - purified MHC/direct/fluorescence,HLA-A*26:02,0.08468664586171759,9
108086,HLA-A*26:02,YMKPGSSPL,20000.0,=,quantitative,Buus - purified MHC/competitive/fluorescence,HLA-A*26:02,0.08468664586171759,9
108087,HLA-A*26:02,YMREVGAAL,20000.0,=,quantitative,Buus - purified MHC/competitive/fluorescence,HLA-A*26:02,0.08468664586171759,9
108088,HLA-A*26:02,YMYAVSGAL,4583.0,=,quantitative,Buus - purified MHC/competitive/fluorescence,HLA-A*26:02,0.22086119854639918,9
108089,HLA-A*26:02,YNIDRLNAL,4.3,=,quantitative,Buus - purified MHC/competitive/fluorescence,HLA-A*26:02,0.8651899341781183,9
108090,HLA-A*26:02,YQAFRTKVH,20000.0,=,quantitative,Buus - purified MHC/direct/fluorescence,HLA-A*26:02,0.08468664586171759,9
108091,HLA-A*26:02,YQNEVTPEY,20000.0,=,quantitative,Buus - purified MHC/competitive/fluorescence,HLA-A*26:02,0.08468664586171759,9
108093,HLA-A*26:02,YQVLVMVPK,20000.0,=,quantitative,Buus - purified MHC/direct/fluorescence,HLA-A*26:02,0.08468664586171759,9
108094,HLA-A*26:02,YQYIFLSFF,20000.0,=,quantitative,Buus - purified MHC/competitive/fluorescence,HLA-A*26:02,0.08468664586171759,9
108095,HLA-A*26:02,YQYPRDTHY,3601.0,=,quantitative,Buus - purified MHC/competitive/fluorescence,HLA-A*26:02,0.2431483669634914,9
108096,HLA-A*26:02,YRFRFRSVY,1692.5,=,quantitative,Buus - purified MHC/competitive/fluorescence,HLA-A*26:02,0.31292843444882035,9
108098,HLA-A*26:02,YRNFSFSLK,20000.0,=,quantitative,Buus - purified MHC/direct/fluorescence,HLA-A*26:02,0.08468664586171759,9
108099,HLA-A*26:02,YRTAVCGLY,280.2,=,quantitative,Buus - purified MHC/competitive/fluorescence,HLA-A*26:02,0.4791479561071189,9
108100,HLA-A*26:02,YRVRNVQTL,20000.0,=,quantitative,Buus - purified MHC/competitive/fluorescence,HLA-A*26:02,0.08468664586171759,9
108102,HLA-A*26:02,YSAEALLPY,3.0,=,quantitative,Buus - purified MHC/direct/fluorescence,HLA-A*26:02,0.8984625876991352,9
108103,HLA-A*26:02,YSHYSHNPK,20000.0,=,quantitative,Buus - purified MHC/direct/fluorescence,HLA-A*26:02,0.08468664586171759,9
108104,HLA-A*26:02,YSKPWMAFF,1.0,=,quantitative,kim2014,HLA-A*26:02,1.0,9
108105,HLA-A*26:02,YSLAGSSPF,20000.0,=,quantitative,Buus - purified MHC/competitive/fluorescence,HLA-A*26:02,0.08468664586171759,9
108106,HLA-A*26:02,YTIDLNDAF,1.0,=,quantitative,Buus - purified MHC/direct/fluorescence,HLA-A*26:02,1.0,9
108107,HLA-A*26:02,YTITSLFSL,19.0,=,quantitative,Buus - purified MHC/direct/fluorescence,HLA-A*26:02,0.7278651279380701,9
108108,HLA-A*26:02,YTVRGTGKY,1.0,=,quantitative,kim2014,HLA-A*26:02,1.0,9
108109,HLA-A*26:02,YVFYDGPPF,11.0,=,quantitative,Buus - purified MHC/direct/fluorescence,HLA-A*26:02,0.7783785203571697,9
108111,HLA-A*26:02,YVIRDLAAM,1.0,=,quantitative,Buus - purified MHC/direct/fluorescence,HLA-A*26:02,1.0,9
108112,HLA-A*26:02,YVYFYDLSY,17.7,=,quantitative,Buus - purified MHC/competitive/fluorescence,HLA-A*26:02,0.7344155708144067,9
108113,HLA-A*26:02,YVYPDNLPR,2608.2,=,quantitative,Buus - purified MHC/competitive/fluorescence,HLA-A*26:02,0.272959629999336,9
108114,HLA-A*26:02,YWMGGTTYF,20000.0,=,quantitative,Buus - purified MHC/competitive/fluorescence,HLA-A*26:02,0.08468664586171759,9
108115,HLA-A*26:02,YYKDDISYF,34.7,=,quantitative,Buus - purified MHC/competitive/fluorescence,HLA-A*26:02,0.6721984874622481,9
