allele,peptide,ic50,log50k
H-2-Db,AFDVFKEL,88001,-0.052249238
H-2-Db,APGNYPAL,10000,0.14874962
H-2-Db,APGNYPAL,22000,0.075877761
H-2-Db,AVYNFATC,100001,-0.064063899
H-2-Db,AVYNFATM,1470,0.325954979
H-2-Db,CFDVFKEL,22000,0.075877761
H-2-Db,FIYTYDRV,88001,-0.052249238
H-2-Db,FQPQNGQF,21710,0.07710417
H-2-Db,FQPQNGQF,25000,0.064062975
H-2-Db,IHYLFRCV,88001,-0.052249238
H-2-Db,ILSPFLPL,12201,0.130363585
H-2-Db,INFEFVCL,75900,-0.038576916
H-2-Db,INVEYRFL,88001,-0.052249238
H-2-Db,IPLKYIVL,88001,-0.052249238
H-2-Db,ISHNFCNL,8880,0.159727991
H-2-Db,ITYRFYLI,88001,-0.052249238
H-2-Db,KAVYNFAT,100001,-0.064063899
H-2-Db,KAVYNFAT,25000,0.064062975
H-2-Db,KILLFSGL,88001,-0.052249238
H-2-Db,KSYNYMLL,28947,0.050514569
H-2-Db,KSYNYMLL,28900,0.050664754
H-2-Db,KVFSFWLL,58495,-0.01450291
H-2-Db,KVFSFWLL,58500,-0.01451081
H-2-Db,KVVRFDKL,88001,-0.052249238
H-2-Db,KVVRVDKL,88001,-0.052249238
H-2-Db,LMYIFAAL,43407,0.013068871
H-2-Db,LMYIFAAL,43400,0.013083777
H-2-Db,LNFRFENV,88001,-0.052249238
H-2-Db,LVGFLLLK,25000,0.064062975
H-2-Db,LVYNYPGV,24,0.706273664
H-2-Db,MGLIYNRM,41901,0.016332434
H-2-Db,NTYLFNIL,33800,0.036189485
H-2-Db,QPQNGQFI,1323,0.335692749
H-2-Db,RGYVYQGL,25000,0.064062975
H-2-Db,RISRFANL,88001,-0.052249238
H-2-Db,RTFSFQLI,47201,0.005324317
H-2-Db,SGVENPGG,44051,0.011707722
H-2-Db,SIFRFLNI,88001,-0.052249238
H-2-Db,SIINFEKL,410,0.443966688
H-2-Db,SIINFEKL,10000,0.14874962
H-2-Db,SIYQYVRL,88001,-0.052249238
H-2-Db,SSLPFQNI,55,0.6296289
H-2-Db,STLNFNNL,31430,0.042908472
H-2-Db,STLNFNNL,31401,0.042993789
H-2-Db,STREYLKL,88001,-0.052249238
H-2-Db,TSLVFETL,23053,0.07155665
H-2-Db,TSLVFETL,23101,0.07136441
H-2-Db,TSYKFESV,50300,-0.000552883
H-2-Db,TSYKFESV,50300,-0.000552883
H-2-Db,TVFDYYVL,88001,-0.052249238
H-2-Db,VTCLGLSY,25000,0.064062975
H-2-Db,YTLIYRQL,88001,-0.052249238
H-2-Db,YTVKYPNL,88001,-0.052249238
H-2-Dd,AGPCALRF,1001,0.361469838
H-2-Dd,AGPLEEEL,37001,0.027826639
H-2-Dd,AGPPQVGL,37001,0.027826639
H-2-Dd,APGNYPAL,37001,0.027826639
H-2-Dd,CALMDCII,37001,0.027826639
H-2-Dd,DAMADVII,267,0.483607842
H-2-Dd,DDPSRGRL,37001,0.027826639
H-2-Dd,FALISFLL,1194,0.345174725
H-2-Dd,FALISFLL,1231,0.342354165
H-2-Dd,FGMSRILL,26400,0.059026995
H-2-Dd,GGIGRFYI,8811,0.16044895
H-2-Dd,HGMDLADL,37001,0.027826639
H-2-Dd,HLPDRVHF,37001,0.027826639
H-2-Dd,LALMDLLM,37001,0.027826639
H-2-Dd,LDPARDVL,37001,0.027826639
H-2-Dd,LGGCRHKL,8220,0.16686597
H-2-Dd,LGLSRPLL,37001,0.027826639
H-2-Dd,LGNSKYIF,37001,0.027826639
H-2-Dd,NAPTWIDI,37001,0.027826639
H-2-Dd,PGLTSSVI,37001,0.027826639
H-2-Dd,QALTDLGL,18501,0.091887116
H-2-Dd,RGPNVVTL,841,0.377566575
H-2-Dd,RGPNVVTL,804,0.381724921
H-2-Dd,RGYVYQGL,37001,0.027826639
H-2-Dd,TGPCRTCM,1031,0.358740604
H-2-Dd,WGPSLYSI,18,0.732862201
H-2-Dd,YGLKGPDI,37001,0.027826639
H-2-Kb,AALLFLLL,1611,0.317489676
H-2-Kb,AEERYPIL,22600,0.073390885
H-2-Kb,AFDVFKEL,1460,0.326585858
H-2-Kb,AFPKNDFV,4370,0.225259699
H-2-Kb,AGQLYSTL,13,0.762938825
H-2-Kb,AGVGYNFI,14000,0.117651734
H-2-Kb,AIILTDGI,14000,0.117651734
H-2-Kb,AKSVFNSL,22600,0.073390885
H-2-Kb,ALILRGSV,22600,0.073390885
H-2-Kb,ALISFLLL,933,0.367971781
H-2-Kb,ALISFLLL,484,0.428631092
H-2-Kb,ALPVFTWL,779,0.38464441
H-2-Kb,AMDDFQLI,22600,0.073390885
H-2-Kb,ANEGYDAL,11923,0.132493815
H-2-Kb,APGNYPAL,277,0.480209542
H-2-Kb,APGNYPAL,88,0.586189597
H-2-Kb,APPWYKNL,36,0.668799226
H-2-Kb,ASARFSWL,301,0.472529832
H-2-Kb,ASARFSWL,22,0.714315546
H-2-Kb,ASPMLYQL,171,0.524790303
H-2-Kb,ASYKIFKI,8241,0.166630153
H-2-Kb,ATITTGVL,7000,0.181714708
H-2-Kb,ATKLYSPM,12,0.770336639
H-2-Kb,AVKLYRKL,2801,0.266368352
H-2-Kb,AVLKYNGI,255,0.487857939
H-2-Kb,AWLPYGII,4381,0.225027346
H-2-Kb,CFDVFKEL,22600,0.073390885
H-2-Kb,CFDVFKEL,895,0.37181488
H-2-Kb,CKISPLMV,22600,0.073390885
H-2-Kb,CLIFLLVL,3040,0.258800635
H-2-Kb,CLIFLLVL,6000,0.195961828
H-2-Kb,CLINDPWV,22600,0.073390885
H-2-Kb,CNIAGWLL,14000,0.117651734
H-2-Kb,CPIRGWAI,22600,0.073390885
H-2-Kb,CRWSYTEI,22600,0.073390885
H-2-Kb,CSFAVAVL,34,0.674081998
H-2-Kb,CSSIFNIV,7000,0.181714708
H-2-Kb,DAIQLAII,22600,0.073390885
H-2-Kb,DDEEYVIL,124001,-0.083945031
H-2-Kb,DDHINLYI,46900,0.005915586
H-2-Kb,DFIDYEEL,22600,0.073390885
H-2-Kb,DGLYNISL,412,0.443516938
H-2-Kb,DKDDYHSL,22600,0.073390885
H-2-Kb,DLIGGAML,22600,0.073390885
H-2-Kb,DLLKYAGL,80,0.594998482
H-2-Kb,DLMGYIPL,4001,0.233413163
H-2-Kb,DLYTSMRL,154,0.534468039
H-2-Kb,DNKLYHVL,22600,0.073390885
H-2-Kb,DPLSYNYI,22600,0.073390885
H-2-Kb,DRNPYENI,22600,0.073390885
H-2-Kb,DRNPYENI,10000,0.14874962
H-2-Kb,DRSPYRAL,4671,0.219103364
H-2-Kb,DSIFEQWL,22600,0.073390885
H-2-Kb,DSYMVPFI,7000,0.181714708
H-2-Kb,DVTTFLSM,2600,0.27325066
H-2-Kb,DVVNFVSM,779,0.38464441
H-2-Kb,EAIEECLI,22600,0.073390885
H-2-Kb,EAIIVAMV,14000,0.117651734
H-2-Kb,EAYFKDCL,22600,0.073390885
H-2-Kb,EEYNSHQV,22600,0.073390885
H-2-Kb,EFEPFQSL,22600,0.073390885
H-2-Kb,EFTKYKYL,22600,0.073390885
H-2-Kb,EGYEEFTM,22600,0.073390885
H-2-Kb,EGYSLVGI,14000,0.117651734
H-2-Kb,EIFHYGFL,400,0.446248861
H-2-Kb,EKIDIQEI,22600,0.073390885
H-2-Kb,EKIRPLLI,22600,0.073390885
H-2-Kb,EKYCVLEI,22600,0.073390885
H-2-Kb,EKYNLTSV,22600,0.073390885
H-2-Kb,ENIFYCPI,484,0.428631092
H-2-Kb,ENITSGFL,22600,0.073390885
H-2-Kb,ENITSGFL,10000,0.14874962
H-2-Kb,EPAPFEDV,22600,0.073390885
H-2-Kb,EPINPEEL,22600,0.073390885
H-2-Kb,EQIDIHIL,22600,0.073390885
H-2-Kb,EREGYSLV,22600,0.073390885
H-2-Kb,ESRLYTRV,1171,0.346972445
H-2-Kb,ESYKVIGM,362,0.45547459
H-2-Kb,ETNKFAAI,22600,0.073390885
H-2-Kb,ETYVLSII,14000,0.117651734
H-2-Kb,FAFGYMNL,1,1
H-2-Kb,FAFLYLLV,3,0.898462588
H-2-Kb,FEFINSLL,19501,0.087021863
H-2-Kb,FFIKLPII,280,0.479213949
H-2-Kb,FFITSKDL,22600,0.073390885
H-2-Kb,FFYRYGFV,157,0.532684897
H-2-Kb,FGFAFGYM,2,0.935937025
H-2-Kb,FGRCELAA,22600,0.073390885
H-2-Kb,FIIFLFIL,2371,0.281772058
H-2-Kb,FIIFLFIL,5000,0.212812595
H-2-Kb,FIIFSLCL,22600,0.073390885
H-2-Kb,FIYTYDRV,13,0.762938825
H-2-Kb,FIYTYDRV,13,0.762938825
H-2-Kb,FKIEKGKV,14000,0.117651734
H-2-Kb,FNILGGWV,35901,0.030615956
H-2-Kb,FNIVSNSL,14000,0.117651734
H-2-Kb,FPPNYKLL,2671,0.270760638
H-2-Kb,FQPQNGQF,22600,0.073390885
H-2-Kb,FSVIFDRL,94,0.580093541
H-2-Kb,FSVIFDRL,313,0.468916734
H-2-Kb,FSVIFDRL,107,0.568121572
H-2-Kb,FSVIFDRL,52,0.634812876
H-2-Kb,FSYMDDVV,22600,0.073390885
H-2-Kb,FVILLVLV,7000,0.181714708
H-2-Kb,FVIREPFI,14000,0.117651734
H-2-Kb,FVQWFVGL,83,0.591596011
H-2-Kb,FVQWFVGL,151,0.536286262
H-2-Kb,FVQWFVGL,11,0.77837852
H-2-Kb,FVYFVETL,583,0.411430898
H-2-Kb,FVYVPSAL,276,0.480543804
H-2-Kb,GCYNYKNL,1150,0.34864495
H-2-Kb,GGIGRFYI,22600,0.073390885
H-2-Kb,GGIRMVDI,22600,0.073390885
H-2-Kb,GGPIYRRV,312,0.469212489
H-2-Kb,GIDPFRLL,22600,0.073390885
H-2-Kb,GIFCFRIL,17,0.738144972
H-2-Kb,GIIGGLAI,14000,0.117651734
H-2-Kb,GIPLYDAI,22600,0.073390885
H-2-Kb,GIYQILAI,2690,0.270105517
H-2-Kb,GKIYNRNI,22600,0.073390885
H-2-Kb,GKYGSQNV,22600,0.073390885
H-2-Kb,GNAEFEDL,22600,0.073390885
H-2-Kb,GNIISIWI,14000,0.117651734
H-2-Kb,GNSNYKAV,10000,0.14874962
H-2-Kb,GNSNYKAV,22600,0.073390885
H-2-Kb,GPDIYKGV,22600,0.073390885
H-2-Kb,GPDIYKGV,10000,0.14874962
H-2-Kb,GPSLYSIL,22600,0.073390885
H-2-Kb,GPSLYSIL,10000,0.14874962
H-2-Kb,GRCELAAA,22600,0.073390885
H-2-Kb,GSIGAASM,22600,0.073390885
H-2-Kb,GSVNFLIL,3311,0.250908353
H-2-Kb,GTYHFTKL,19,0.727865128
H-2-Kb,GVYINTAL,14000,0.117651734
H-2-Kb,GVYQFKSV,6,0.834399613
H-2-Kb,GVYQFKSV,11,0.77837852
H-2-Kb,GYEEFTMV,22600,0.073390885
H-2-Kb,HAVEFHNL,70,0.607339898
H-2-Kb,HCIRNKSV,22600,0.073390885
H-2-Kb,HCLAFSYM,2461,0.278328738
H-2-Kb,HDAEFCDM,10000,0.14874962
H-2-Kb,HDAEFCDM,22600,0.073390885
H-2-Kb,HDQLFSLL,2296,0.284742852
H-2-Kb,HDYCSRNL,22600,0.073390885
H-2-Kb,HHYFVDLI,22600,0.073390885
H-2-Kb,HILLYQML,45,0.648175555
H-2-Kb,HLYSHPII,14000,0.117651734
H-2-Kb,HPDKFLEL,2581,0.273928541
H-2-Kb,HPTLFKVL,620,0.405743879
H-2-Kb,HPYLYRLL,194,0.513126977
H-2-Kb,HQILPKVL,22600,0.073390885
H-2-Kb,HSAAFEDL,22600,0.073390885
H-2-Kb,HTISSVYV,22600,0.073390885
H-2-Kb,ICYPGDFI,22600,0.073390885
H-2-Kb,IFGAFPSL,19,0.727865128
H-2-Kb,IFYCPIAI,88,0.586189597
H-2-Kb,IGRFYIQM,19,0.727865128
H-2-Kb,IGRFYIQM,359,0.45624372
H-2-Kb,IGRFYIQM,17,0.738144972
H-2-Kb,IGRFYIQM,11,0.77837852
H-2-Kb,IGYICSGV,287,0.476931776
H-2-Kb,IGYMVKNV,5,0.85125038
H-2-Kb,IHFSFPFV,2,0.935937025
H-2-Kb,IHFSFPFV,1,1
H-2-Kb,IHLQLYSL,24,0.706273664
H-2-Kb,IHYLFRCV,7,0.820152493
H-2-Kb,IHYLFRCV,7,0.820152493
H-2-Kb,IIFLFILL,4001,0.233413163
H-2-Kb,IIFLFILL,7501,0.175325835
H-2-Kb,IILGFRKI,22,0.714315546
H-2-Kb,IKECFRKL,4671,0.219103364
H-2-Kb,IKFIFLQM,1451,0.327157354
H-2-Kb,ILAIYSTV,2091,0.293386842
H-2-Kb,ILGEFDII,18100,0.093912374
H-2-Kb,ILSPFLPL,241,0.493076772
H-2-Kb,ILSPFLPL,16,0.743748102
H-2-Kb,ILSPFLPL,3400,0.248456808
H-2-Kb,ILSPFLPL,469,0.431540776
H-2-Kb,ILYDKEEI,22600,0.073390885
H-2-Kb,INFEFVCL,8,0.807811076
H-2-Kb,INFEFVCL,8,0.807811076
H-2-Kb,INIYDLFV,1271,0.33939873
H-2-Kb,INVEYRFL,3,0.898462588
H-2-Kb,INVEYRFL,3,0.898462588
H-2-Kb,IPLKYIVL,491,0.427303965
H-2-Kb,IPLKYIVL,491,0.427303965
H-2-Kb,ISFAFCQL,2,0.935937025
H-2-Kb,ISHNFCNL,188,0.516030567
H-2-Kb,ISHNFCNL,4,0.871874051
H-2-Kb,ISHNFCNL,371,0.453204871
H-2-Kb,ISLKNYGI,29,0.688783287
H-2-Kb,ISLKNYGI,17,0.738144972
H-2-Kb,ISLTYKPS,239,0.493846971
H-2-Kb,ISSFYWSL,17,0.738144972
H-2-Kb,ITFALKKL,312,0.469212489
H-2-Kb,ITIGSICL,14000,0.117651734
H-2-Kb,ITYNYQLF,1,1
H-2-Kb,ITYRFYLI,7,0.820152493
H-2-Kb,ITYRFYLI,7,0.820152493
H-2-Kb,ITYSSSMM,400,0.446248861
H-2-Kb,IVIFVKRL,460,0.433331596
H-2-Kb,IVSPFIPL,774,0.38523954
H-2-Kb,IVTMFEAL,68,0.610019023
H-2-Kb,IVTMFEAL,37,0.666266922
H-2-Kb,IYDLFVWM,14000,0.117651734
H-2-Kb,IYIFTVRL,14,0.756089519
H-2-Kb,KEGSYPKL,22600,0.073390885
H-2-Kb,KENRFIEI,22600,0.073390885
H-2-Kb,KFFSYLTL,2371,0.281772058
H-2-Kb,KGIAPLQL,22600,0.073390885
H-2-Kb,KGINPNYL,22600,0.073390885
H-2-Kb,KHGTFGPV,22600,0.073390885
H-2-Kb,KHIATNAV,22600,0.073390885
H-2-Kb,KIITIGSI,6090,0.194585773
H-2-Kb,KILLFSGL,4,0.871874051
H-2-Kb,KIYNRNIV,14000,0.117651734
H-2-Kb,KKEEFTEI,22600,0.073390885
H-2-Kb,KMFLYKIL,219,0.501924015
H-2-Kb,KMITQRTI,2860,0.264441776
H-2-Kb,KMITQRTI,140,0.543276924
H-2-Kb,KNIPNEPI,14000,0.117651734
H-2-Kb,KNKFFSYL,26,0.69887585
H-2-Kb,KNMEYDAV,4381,0.225027346
H-2-Kb,KNMEYDAV,114,0.562264741
H-2-Kb,KPYYPEHL,22600,0.073390885
H-2-Kb,KQIVERIL,14000,0.117651734
H-2-Kb,KRGIYKII,5041,0.212057814
H-2-Kb,KSPIYYFL,1,1
H-2-Kb,KSSFYRNL,54,0.631324789
H-2-Kb,KSSFYRNL,87,0.587245875
H-2-Kb,KSYNYMLL,3,0.898462588
H-2-Kb,KSYNYMLL,3,0.898462588
H-2-Kb,KTNLYGFI,2091,0.293386842
H-2-Kb,KTPSFPNI,128,0.551559178
H-2-Kb,KTPSFPNI,70,0.607339898
H-2-Kb,KVFGRCEL,400,0.446248861
H-2-Kb,KVFSFWLL,96,0.578147715
H-2-Kb,KVFSFWLL,96,0.578147715
H-2-Kb,KVGNFTGL,1560,0.320462868
H-2-Kb,KVTKYLPL,1430,0.32850475
H-2-Kb,KVVRFDKL,17,0.738144972
H-2-Kb,KVVRFDKL,10,0.787187405
H-2-Kb,KVVRFDKL,49,0.640304986
H-2-Kb,KVVRFDKL,42,0.654552106
H-2-Kb,KVVRVDKL,225,0.499425935
H-2-Kb,KWEKYCVL,22600,0.073390885
H-2-Kb,KYIFWLLL,14000,0.117651734
H-2-Kb,KYTSFPWL,6361,0.190561891
H-2-Kb,LAAAFLLL,12700,0.126658881
H-2-Kb,LAVLYCLL,33,0.676841108
H-2-Kb,LCKQYLNL,10000,0.14874962
H-2-Kb,LCLIFLLV,7000,0.181714708
H-2-Kb,LCLIFLLV,10000,0.14874962
H-2-Kb,LDYQIGYI,22600,0.073390885
H-2-Kb,LEIGDMLL,22600,0.073390885
H-2-Kb,LESLFTAV,22600,0.073390885
H-2-Kb,LFILLLCL,14000,0.117651734
H-2-Kb,LFILLLCL,10000,0.14874962
H-2-Kb,LFPRFKFV,2551,0.275009107
H-2-Kb,LGGLYEAI,22600,0.073390885
H-2-Kb,LGQKFEEI,22600,0.073390885
H-2-Kb,LGYDYSYL,2,0.935937025
H-2-Kb,LHIPEVCL,1750,0.309840657
H-2-Kb,LIFNYPGV,41,0.656779282
H-2-Kb,LIFSYAFL,1,1
H-2-Kb,LIIAARNI,1971,0.29884919
H-2-Kb,LIIQDEPI,22600,0.073390885
H-2-Kb,LIYNYPGV,5,0.85125038
H-2-Kb,LKANFSVI,22600,0.073390885
H-2-Kb,LKHRFEII,22600,0.073390885
H-2-Kb,LKYAGLTI,216,0.50319884
H-2-Kb,LLPIFFCL,4671,0.219103364
H-2-Kb,LLPIFFCL,10000,0.14874962
H-2-Kb,LLRRYQQL,967,0.364663645
H-2-Kb,LMPLYACI,1731,0.310849598
H-2-Kb,LMSGFRQM,6890,0.183178608
H-2-Kb,LMYIFAAL,1,1
H-2-Kb,LMYIFAAL,1,1
H-2-Kb,LNFRFENV,1,1
H-2-Kb,LNFRFENV,1,1
H-2-Kb,LNISNDEI,22600,0.073390885
H-2-Kb,LNNQFGTM,14000,0.117651734
H-2-Kb,LNNQFGTM,10000,0.14874962
H-2-Kb,LNPVASSL,18100,0.093912374
H-2-Kb,LPIHTAEL,14000,0.117651734
H-2-Kb,LPPNFSSL,1671,0.314110018
H-2-Kb,LQAGFFLL,10000,0.14874962
H-2-Kb,LQAGFFLL,22600,0.073390885
H-2-Kb,LQQRYSRL,1,1
H-2-Kb,LRSRYWAI,4671,0.219103364
H-2-Kb,LSILFGFL,21,0.718615081
H-2-Kb,LSPAYYML,2,0.935937025
H-2-Kb,LSSIFSRI,1571,0.319813452
H-2-Kb,LSSIFSRI,3334,0.25026855
H-2-Kb,LSYNYIPV,3,0.898462588
H-2-Kb,LSYSAGAL,30,0.685649993
H-2-Kb,LSYSAGAL,28,0.692026544
H-2-Kb,LTIERMVL,10000,0.14874962
H-2-Kb,LTIKSNIL,950,0.366302913
H-2-Kb,LTPIFSDL,34,0.674081998
H-2-Kb,LVGFLLLK,22600,0.073390885
H-2-Kb,LVNTYQWI,22600,0.073390885
H-2-Kb,LVSIFLHL,1520,0.322863609
H-2-Kb,LVSIFLHL,2801,0.266368352
H-2-Kb,MGLIYNRM,8,0.807811076
H-2-Kb,MGLIYNRM,2,0.935937025
H-2-Kb,MGLIYNRM,189,0.515540256
H-2-Kb,MGLIYNRM,5,0.85125038
H-2-Kb,MGLIYNRM,5,0.85125038
H-2-Kb,MGLKFRQL,4,0.871874051
H-2-Kb,MGLKFRQL,3,0.898462588
H-2-Kb,MITQFESL,30,0.685649993
H-2-Kb,MITQFESL,41,0.656779282
H-2-Kb,MITQFESL,19,0.727865128
H-2-Kb,MKINIASI,22600,0.073390885
H-2-Kb,MLIPKQKV,22600,0.073390885
H-2-Kb,MMGMFNML,5000,0.212812595
H-2-Kb,MMINPFMI,1101,0.352669348
H-2-Kb,MMIWHSNL,128,0.551559178
H-2-Kb,MMIWHSNL,273,0.481553905
H-2-Kb,MMIWHSNL,108,0.567261814
H-2-Kb,MNIQFTAV,25,0.702500759
H-2-Kb,MNIQFTAV,59,0.623140388
H-2-Kb,MNIQFTAV,168,0.526426157
H-2-Kb,MNYYWTLL,26,0.69887585
H-2-Kb,MNYYWTLL,52,0.634812876
H-2-Kb,MNYYWTLL,78,0.597338438
H-2-Kb,MSIGVTVI,22600,0.073390885
H-2-Kb,MSRKFMQV,1,1
H-2-Kb,MSYSSVMI,1150,0.34864495
H-2-Kb,MTSTFIML,89,0.585145254
H-2-Kb,MTYVAAEL,1,1
H-2-Kb,MVLFYKRL,24,0.706273664
H-2-Kb,MVYDATIL,1410,0.329806509
H-2-Kb,MWYWGPSL,3591,0.243405384
H-2-Kb,MWYWGPSL,7501,0.175325835
H-2-Kb,MYSDFHFI,22600,0.073390885
H-2-Kb,NAIVFKGL,220,0.501502951
H-2-Kb,NDINIYDL,22600,0.073390885
H-2-Kb,NDLLYAHI,657,0.400386602
H-2-Kb,NEAAFEFI,12500,0.128125949
H-2-Kb,NENAYVSV,22600,0.073390885
H-2-Kb,NEYNRILV,22600,0.073390885
H-2-Kb,NGIITETI,22600,0.073390885
H-2-Kb,NGLDFSEV,14000,0.117651734
H-2-Kb,NGLDFSEV,10000,0.14874962
H-2-Kb,NGSCFTIM,22600,0.073390885
H-2-Kb,NGYIEGKL,22600,0.073390885
H-2-Kb,NHPVFSPL,56,0.62796357
H-2-Kb,NKMSYSSV,187,0.516523493
H-2-Kb,NLYNIRNL,22600,0.073390885
H-2-Kb,NLYVSLLL,22600,0.073390885
H-2-Kb,NPRMFLAM,22600,0.073390885
H-2-Kb,NSHHYISM,1820,0.306215748
H-2-Kb,NSHHYISM,3111,0.256666885
H-2-Kb,NSLGFVIL,7000,0.181714708
H-2-Kb,NSQVYSLI,875,0.373903632
H-2-Kb,NTVHYPKI,22600,0.073390885
H-2-Kb,NTVVFDAL,155001,-0.104568553
H-2-Kb,NTYLFNIL,2,0.935937025
H-2-Kb,NVIPILPI,22600,0.073390885
H-2-Kb,NYSKFWYL,10000,0.14874962
H-2-Kb,NYSKFWYL,10000,0.14874962
H-2-Kb,PAITVKVL,22600,0.073390885
H-2-Kb,PARFYPKV,1001,0.361469838
H-2-Kb,PASFFIKL,22600,0.073390885
H-2-Kb,PFISCSHL,22600,0.073390885
H-2-Kb,PGYRWMCL,14000,0.117651734
H-2-Kb,PGYRWMCL,10000,0.14874962
H-2-Kb,PIYKRGDM,13901,0.118307621
H-2-Kb,PLILSRIV,22600,0.073390885
H-2-Kb,PLYDMSLL,7000,0.181714708
H-2-Kb,PQFPFKGV,10000,0.14874962
H-2-Kb,PQIPIPPV,22600,0.073390885
H-2-Kb,PRFKFVWV,22600,0.073390885
H-2-Kb,PSDFFPSV,22600,0.073390885
H-2-Kb,PSIQSRGL,22600,0.073390885
H-2-Kb,PTGTYGQM,22600,0.073390885
H-2-Kb,PTLLFLKV,22600,0.073390885
H-2-Kb,PTMLYNKM,2001,0.297453041
H-2-Kb,PVINVQDL,22600,0.073390885
H-2-Kb,PYYPEHLV,22600,0.073390885
H-2-Kb,QAIMDKNI,22600,0.073390885
H-2-Kb,QESCYGRL,345,0.459920133
H-2-Kb,QLFHYYFL,1271,0.33939873
H-2-Kb,QNIHPVTI,22600,0.073390885
H-2-Kb,QPEWFRNV,4671,0.219103364
H-2-Kb,QPQNYLRL,51667,-0.003031141
H-2-Kb,QRSKFLLM,22600,0.073390885
H-2-Kb,QSIAEAII,22600,0.073390885
H-2-Kb,QSYLTKFL,833,0.378449958
H-2-Kb,RAIATPGM,14000,0.117651734
H-2-Kb,RCELAAAM,22600,0.073390885
H-2-Kb,RFIIFLFI,22600,0.073390885
H-2-Kb,RFIIFLFI,10000,0.14874962
H-2-Kb,RFYRTCKL,22,0.714315546
H-2-Kb,RFYRTCKL,213,0.504491495
H-2-Kb,RFYRTCKL,43,0.652377339
H-2-Kb,RFYRTCKL,54,0.631324789
H-2-Kb,RGTSFVYV,484,0.428631092
H-2-Kb,RGYVFQGL,4,0.871874051
H-2-Kb,RGYVYQGL,1,1
H-2-Kb,RISRFANL,3,0.898462588
H-2-Kb,RISRFANL,3,0.898462588
H-2-Kb,RKAAYPAV,22600,0.073390885
H-2-Kb,RKIRRRQI,22600,0.073390885
H-2-Kb,RKTRFLPV,3500,0.245777683
H-2-Kb,RLIVFPDL,1171,0.346972445
H-2-Kb,RMNYYWTL,22600,0.073390885
H-2-Kb,RMPVYILL,28,0.692026544
H-2-Kb,RMYRPDAI,14000,0.117651734
H-2-Kb,RNIFDLSV,22600,0.073390885
H-2-Kb,RNIVNRLL,3110,0.256696598
H-2-Kb,RNYFTSEV,2151,0.290772146
H-2-Kb,RNYIEPYL,390,0.448588817
H-2-Kb,RPSLYTKV,14000,0.117651734
H-2-Kb,RSFIIIPL,99,0.575303696
H-2-Kb,RSYLIRAL,68,0.610019023
H-2-Kb,RSYLIRAL,47,0.644156516
H-2-Kb,RTFSFQLI,13,0.762938825
H-2-Kb,RTFSFQLI,4,0.871874051
H-2-Kb,RTFSFQLI,10,0.787187405
H-2-Kb,RVYQESQV,22600,0.073390885
H-2-Kb,RYIIILAV,1240,0.341680904
H-2-Kb,SAFLIVRL,160,0.530935507
H-2-Kb,SCIETMEV,22600,0.073390885
H-2-Kb,SDITKVSL,2230,0.287438554
H-2-Kb,SDITKVSL,1261,0.340128776
H-2-Kb,SDYCLSLI,22600,0.073390885
H-2-Kb,SDYEGRLI,22600,0.073390885
H-2-Kb,SFIKGTKV,2031,0.296077668
H-2-Kb,SGYSGSFV,8241,0.166630153
H-2-Kb,SIDRFLRV,1731,0.310849598
H-2-Kb,SIFRFLNI,2,0.935937025
H-2-Kb,SIFRFLNI,2,0.935937025
H-2-Kb,SIILFLPL,2,0.935937025
H-2-Kb,SIINFEKL,2,0.935937025
H-2-Kb,SIINFEKL,1,1
H-2-Kb,SIINFEKL,2,0.935937025
H-2-Kb,SIINFEKL,11,0.77837852
H-2-Kb,SIIPSGPL,359,0.45624372
H-2-Kb,SIIPSGPL,177,0.521602976
H-2-Kb,SILFFVFV,312,0.469212489
H-2-Kb,SILFFVFV,637,0.403243811
H-2-Kb,SIYQYVRL,9,0.796925175
H-2-Kb,SIYQYVRL,9,0.796925175
H-2-Kb,SKLQYKII,155001,-0.104568553
H-2-Kb,SKYIFWLL,560,0.415150975
H-2-Kb,SLYASPQL,305,0.471309705
H-2-Kb,SLYASPQL,145,0.540033667
H-2-Kb,SMGIYQIL,22600,0.073390885
H-2-Kb,SNIKTMMI,542,0.418170517
H-2-Kb,SQTSYQYL,1081,0.354363682
H-2-Kb,SQTSYQYL,1866,0.303908806
H-2-Kb,SRGLFGAI,3500,0.245777683
H-2-Kb,SRHGFEMI,22600,0.073390885
H-2-Kb,SRIGDPAL,10000,0.14874962
H-2-Kb,SRIGDPAL,2331,0.28334459
H-2-Kb,SRIWPWLL,3181,0.254610337
H-2-Kb,SRNLYVSL,824,0.379453964
H-2-Kb,SRPMFLYV,2640,0.27183959
H-2-Kb,SSDDFALI,1401,0.330398336
H-2-Kb,SSDDFALI,171,0.524790303
H-2-Kb,SSIEFARL,2,0.935937025
H-2-Kb,SSIEFARL,1,1
H-2-Kb,SSILRSKI,22600,0.073390885
H-2-Kb,SSISFCGV,2,0.935937025
H-2-Kb,SSISFCGV,14,0.756089519
H-2-Kb,SSISFCGV,3,0.898462588
H-2-Kb,SSLPFQNI,25,0.702500759
H-2-Kb,SSLPFQNI,9,0.796925175
H-2-Kb,SSLPFQNI,5,0.85125038
H-2-Kb,STLNFNNL,12,0.770336639
H-2-Kb,STLNFNNL,12,0.770336639
H-2-Kb,STPMFNDI,875,0.373903632
H-2-Kb,STREYLKL,45,0.648175555
H-2-Kb,STREYLKL,45,0.648175555
H-2-Kb,STTSFYSL,10,0.787187405
H-2-Kb,SVIEKMNI,22600,0.073390885
H-2-Kb,SWIELDEI,14000,0.117651734
H-2-Kb,SYQHFRRL,1591,0.318644261
H-2-Kb,TCGIFALI,10000,0.14874962
H-2-Kb,TCGIFALI,10000,0.14874962
H-2-Kb,TCPGYRWM,22600,0.073390885
H-2-Kb,TCPGYRWM,10000,0.14874962
H-2-Kb,TEIEKIDI,22600,0.073390885
H-2-Kb,TENSFEQI,22600,0.073390885
H-2-Kb,TEVAFGLV,293,0.4750195
H-2-Kb,TEYIMKGV,22600,0.073390885
H-2-Kb,TGICNQNI,22600,0.073390885
H-2-Kb,TGYTMDTV,7000,0.181714708
H-2-Kb,THHYFVDL,1081,0.354363682
H-2-Kb,TIFVTGGL,206,0.507579913
H-2-Kb,TIKSNILM,3181,0.254610337
H-2-Kb,TIQRFSSL,2,0.935937025
H-2-Kb,TIQRFSSL,2,0.935937025
H-2-Kb,TKRSYEQM,22600,0.073390885
H-2-Kb,TMMINPFM,1211,0.343868094
H-2-Kb,TPIFSDLL,751,0.388027603
H-2-Kb,TQCGYPAL,7000,0.181714708
H-2-Kb,TQIGGIRM,22600,0.073390885
H-2-Kb,TQIPAEML,22600,0.073390885
H-2-Kb,TQYESGSM,22600,0.073390885
H-2-Kb,TRIAYERM,14000,0.117651734
H-2-Kb,TSLVFETL,8,0.807811076
H-2-Kb,TSLVFETL,8,0.807811076
H-2-Kb,TSPEYYSA,80,0.594998482
H-2-Kb,TSSVYIEV,453,0.434748849
H-2-Kb,TSYKFESV,2,0.935937025
H-2-Kb,TSYKFESV,1,1
H-2-Kb,TSYKFESV,2,0.935937025
H-2-Kb,TSYKFESV,1,1
H-2-Kb,TSYQYLII,30,0.685649993
H-2-Kb,TSYQYLII,34,0.674081998
H-2-Kb,TTYWWDGL,4671,0.219103364
H-2-Kb,TVFDYYVL,61,0.620059325
H-2-Kb,TVIKNNMI,22600,0.073390885
H-2-Kb,TVSSFQDI,22600,0.073390885
H-2-Kb,TVYVFPNT,1,1
H-2-Kb,VAKYFSPL,1780,0.308269685
H-2-Kb,VARVFLGL,3,0.898462588
H-2-Kb,VASKFREV,2371,0.281772058
H-2-Kb,VDDGFLDI,4671,0.219103364
H-2-Kb,VDYNFTIV,37,0.666266922
H-2-Kb,VFGRCELA,22600,0.073390885
H-2-Kb,VGICKAAM,1470,0.325954979
H-2-Kb,VGIDPFRL,3500,0.245777683
H-2-Kb,VGKEFNKL,4671,0.219103364
H-2-Kb,VIGCYGSL,70,0.607339898
H-2-Kb,VKIGPPTV,421,0.441519717
H-2-Kb,VKNLYEKV,22600,0.073390885
H-2-Kb,VLIGQGDV,22600,0.073390885
H-2-Kb,VLLDYQGM,1731,0.310849598
H-2-Kb,VLLDYQGM,3334,0.25026855
H-2-Kb,VLRGFLIL,5000,0.212812595
H-2-Kb,VLVTFCKL,22,0.714315546
H-2-Kb,VNLNTLPL,217,0.502771941
H-2-Kb,VNNEYNRI,1591,0.318644261
H-2-Kb,VRISKMGV,22600,0.073390885
H-2-Kb,VRQCFNPM,22600,0.073390885
H-2-Kb,VRTLFQQM,4671,0.219103364
H-2-Kb,VSAAFYHL,3,0.898462588
H-2-Kb,VSDLYTSM,20,0.723124431
H-2-Kb,VSDLYTSM,7,0.820152493
H-2-Kb,VSYVNTNM,27,0.695387763
H-2-Kb,VTCLGLSY,22600,0.073390885
H-2-Kb,VTESYKVI,14501,0.114402103
H-2-Kb,VVMAYVGI,46,0.646144191
H-2-Kb,VVVSTNRL,1160,0.347844743
H-2-Kb,VWDKYGWL,10000,0.14874962
H-2-Kb,VWDKYGWL,10000,0.14874962
H-2-Kb,VWLSVIWM,54,0.631324789
H-2-Kb,VYIEVLHL,10,0.787187405
H-2-Kb,VYIEVLHL,211,0.505363419
H-2-Kb,VYIEVLHL,21,0.718615081
H-2-Kb,VYIEVLHL,35,0.671402873
H-2-Kb,VYINTALL,13,0.762938825
H-2-Kb,VYINTALL,30,0.685649993
H-2-Kb,WGYSLNFM,3500,0.245777683
H-2-Kb,WHRLFLLL,824,0.379453964
H-2-Kb,WQTMYTNV,20,0.723124431
H-2-Kb,WQTMYTNV,7,0.820152493
H-2-Kb,WTYNAELL,1731,0.310849598
H-2-Kb,YIIILAVL,172,0.52425139
H-2-Kb,YKIAGGII,22600,0.073390885
H-2-Kb,YKTYFERV,22600,0.073390885
H-2-Kb,YLIRALTL,14000,0.117651734
H-2-Kb,YMVPFIPL,32,0.679685127
H-2-Kb,YNIRNLHI,22600,0.073390885
H-2-Kb,YNSRFESV,22600,0.073390885
H-2-Kb,YPILPEYL,22600,0.073390885
H-2-Kb,YQIGLFRV,22600,0.073390885
H-2-Kb,YSILSPFL,539,0.418683507
H-2-Kb,YSILSPFL,1111,0.351833688
H-2-Kb,YSISNDLL,45300,0.00912366
H-2-Kb,YTLIYRQL,6,0.834399613
H-2-Kb,YTLIYRQL,7,0.820152493
H-2-Kb,YTVKYPNL,94,0.580093541
H-2-Kb,YTVKYPNL,11,0.77837852
H-2-Kb,YTVKYPNL,171,0.524790303
H-2-Kk,AEAALENL,18301,0.092891673
H-2-Kk,AEHLKTAV,29,0.688783287
H-2-Kk,AEHTGREI,931,0.368170114
H-2-Kk,AELEAFLM,2,0.935937025
H-2-Kk,AELLAACF,2,0.935937025
H-2-Kk,AELYRLEL,217,0.502771941
H-2-Kk,AEQFKQKA,18301,0.092891673
H-2-Kk,AERLINMI,8,0.807811076
H-2-Kk,AESKSVII,225,0.499425935
H-2-Kk,AETAGARL,326,0.465155641
H-2-Kk,AETGQETA,18301,0.092891673
H-2-Kk,AEYEENKI,967,0.364663645
H-2-Kk,AHGSGRVI,1000005,-0.276876032
H-2-Kk,CDELAAKL,312,0.469212489
H-2-Kk,DDHRAGKI,1131,0.3501847
H-2-Kk,DEGEGRVI,121,0.556757041
H-2-Kk,DEGRKVAI,3000,0.260024803
H-2-Kk,DERTVRKI,1101,0.352669348
H-2-Kk,EAYLGKKV,1131,0.3501847
H-2-Kk,EEDPVKKV,3000,0.260024803
H-2-Kk,EEGDGRVI,7,0.820152493
H-2-Kk,EEGEGRVI,1,1
H-2-Kk,FEANGNLI,1,1
H-2-Kk,FEANGNLI,261,0.485708463
H-2-Kk,FESTGNLI,1,1
H-2-Kk,FESTGNLI,11,0.77837852
H-2-Kk,FEWLNRTV,1,1
H-2-Kk,GDLCGSVF,5771,0.199558399
H-2-Kk,GDYKLVEI,5270,0.207951825
H-2-Kk,GDYSEVAL,17800,0.09545709
H-2-Kk,GEAMHGQV,273,0.481553905
H-2-Kk,GEFLYCKM,2671,0.270760638
H-2-Kk,GEGAVQWM,3751,0.239376489
H-2-Kk,GELSYLNV,9381,0.154655354
H-2-Kk,GEPGDPDL,18301,0.092891673
H-2-Kk,GERPSGMF,2540,0.275408502
H-2-Kk,GETYGRLL,1,1
H-2-Kk,GEVLAWKF,526,0.420939963
H-2-Kk,HETTFNSI,271,0.482233492
H-2-Kk,HETTYNSI,1,1
H-2-Kk,IDTLTCGF,18301,0.092891673
H-2-Kk,IEAEVIPA,1650,0.315278893
H-2-Kk,IEAQQHLL,20,0.723124431
H-2-Kk,IETVPVKL,2311,0.284141005
H-2-Kk,IEVLGKRI,4,0.871874051
H-2-Kk,IEYIHFLI,1,1
H-2-Kk,KDCTERQA,18301,0.092891673
H-2-Kk,KEGKAGYI,5,0.85125038
H-2-Kk,KEMKAKVI,791,0.383231542
H-2-Kk,KEPFRDYV,18301,0.092891673
H-2-Kk,KEPPFLWM,18301,0.092891673
H-2-Kk,KEYKNVEI,87,0.587245875
H-2-Kk,LDLAIQQL,12700,0.126658881
H-2-Kk,LDVGDAYF,18301,0.092891673
H-2-Kk,LEAFLMAL,644,0.40223371
H-2-Kk,LEDGVNYA,2241,0.286983774
H-2-Kk,LEENITAL,12700,0.126658881
H-2-Kk,LEGAGELI,100,0.57437481
H-2-Kk,LEHDRVVL,66,0.612778134
H-2-Kk,LEKEEGII,11,0.77837852
H-2-Kk,LERWHSLI,13,0.762938825
H-2-Kk,LEVVTSTW,3191,0.254320244
H-2-Kk,MESTGNLI,41,0.656779282
H-2-Kk,NEKSFKDI,123,0.55524187
H-2-Kk,NEQVDKLV,17,0.738144972
H-2-Kk,NETPGIRY,18301,0.092891673
H-2-Kk,PDLSDGSW,18301,0.092891673
H-2-Kk,PEYDLELI,4291,0.226945796
H-2-Kk,QDFWEVQL,18301,0.092891673
H-2-Kk,QELLRLTV,46,0.646144191
H-2-Kk,QEVKMVAW,135,0.546638143
H-2-Kk,QTFVVGCI,160,0.530935507
H-2-Kk,RDYGKQMA,18301,0.092891673
H-2-Kk,REHNGNEI,1101,0.352669348
H-2-Kk,REHQGNEI,2901,0.263126233
H-2-Kk,REHSGNEI,3601,0.243148367
H-2-Kk,REPRGSDI,3000,0.260024803
H-2-Kk,REVLRTEL,16401,0.103022508
H-2-Kk,SDGSWSTV,18301,0.092891673
H-2-Kk,SDYEGRLI,1,1
H-2-Kk,SDYEGRLI,771,0.385598466
H-2-Kk,SEIYVAWV,1,1
H-2-Kk,SELSPLLL,3,0.898462588
H-2-Kk,SELYKYKV,2540,0.275408502
H-2-Kk,TDGEERVI,150000,-0.101537412
H-2-Kk,TDPSHITA,18301,0.092891673
H-2-Kk,TEEKIKAL,30,0.685649993
H-2-Kk,TEGEGRVI,1,1
H-2-Kk,TENSGKDI,8,0.807811076
H-2-Kk,TERQANFL,2,0.935937025
H-2-Kk,VDCSPGIW,18301,0.092891673
H-2-Kk,VDEQIQWM,4551,0.221508792
H-2-Kk,VDFLEENI,9561,0.15289876
H-2-Kk,VDQDLVGW,18301,0.092891673
H-2-Kk,VDYPYRLW,18301,0.092891673
H-2-Kk,VESENKVV,126,0.553014694
H-2-Kk,VESMNKEL,42,0.654552106
H-2-Kk,WDQMWKCL,251,0.489319208
H-2-Kk,WERKVDFL,14,0.756089519
H-2-Kk,YDAGCAWY,18301,0.092891673
H-2-Kk,YEDTGKTI,1,1
H-2-Kk,YELHPDKW,3191,0.254320244
H-2-Kk,YELWPTKW,257,0.487135878
H-2-Ld,AFDVFKEL,70001,-0.031099207
H-2-Ld,CFDVFKEL,17700,0.095977786
H-2-Ld,GPLLVLQA,50001,-1.85E-06
H-2-Ld,GPLLVLQA,10000,0.14874962
H-2-Ld,ILSPFLPL,15900,0.105889776
H-2-Ld,IPIPSSWA,4501,0.222529829
H-2-Ld,IPIPSSWA,4501,0.222529829
H-2-Ld,IPQSLDSW,50001,-1.85E-06
H-2-Ld,IPQSLDSW,10000,0.14874962
H-2-Ld,ISHNFCNL,380,0.450989559
H-2-Ld,KVVRFDKL,67601,-0.027874857
H-2-Ld,KVVRVDKL,73400,-0.035481405
H-2-Ld,LPIFFCLW,50001,-1.85E-06
H-2-Ld,LPIFFCLW,10000,0.14874962
H-2-Ld,LSPFPFDL,2081,0.293829908
H-2-Ld,MGLIYNRM,10800,0.141636624
H-2-Ld,RTFSFQLI,87101,-0.051299144
H-2-Ld,SIINFEKL,45400,0.008919859
H-2-Ld,VPFVQWFV,56,0.62796357
H-2-Ld,VPFVQWFV,54,0.631324789
H-2-Ld,YTVKYPNL,3370,0.249275927
Mamu-A*01:01,AAPGAATA,50001,-1.85E-06
Mamu-A*01:01,AAPQFSLW,50001,-1.85E-06
Mamu-A*01:01,AAPTSAPV,176,0.522126622
Mamu-A*01:01,AAPTSAPV,23,0.710207166
Mamu-A*01:01,AEPLSMYV,50001,-1.85E-06
Mamu-A*01:01,AGPLCIRM,578,0.41222697
Mamu-A*01:01,AGPLPNRM,1470,0.325954979
Mamu-A*01:01,AGPSSKSL,3120,0.256399894
Mamu-A*01:01,AHPLVGFF,7141,0.17987154
Mamu-A*01:01,AHPPNRRI,21301,0.078861966
Mamu-A*01:01,AIPPSRSM,9371,0.154753928
Mamu-A*01:01,AIPPSRSM,1150,0.34864495
Mamu-A*01:01,ALPLDPVT,50001,-1.85E-06
Mamu-A*01:01,ANPDCKLV,50001,-1.85E-06
Mamu-A*01:01,ANPDVTLV,50001,-1.85E-06
Mamu-A*01:01,APPCKPLL,910,0.370278723
Mamu-A*01:01,APPEDPAV,1031,0.358740604
Mamu-A*01:01,APPGYALL,84,0.590489132
Mamu-A*01:01,APPSAAIA,1720,0.311438795
Mamu-A*01:01,ASACHDGM,20801,0.081057293
Mamu-A*01:01,ASAHGDRL,42,0.654552106
Mamu-A*01:01,ASARFSWL,32,0.679685127
Mamu-A*01:01,ASPKGPVI,63,0.617077669
Mamu-A*01:01,ASPPSRSM,69,0.608669753
Mamu-A*01:01,ASPQLEGF,1060,0.356176808
Mamu-A*01:01,ASTTAKAM,1631,0.316349337
Mamu-A*01:01,ATAGLTHM,3151,0.255486117
Mamu-A*01:01,ATALANTI,412,0.443516938
Mamu-A*01:01,ATGRNNSI,13500,0.121012953
Mamu-A*01:01,ATPPGSVT,63,0.617077669
Mamu-A*01:01,AVPQSFQV,11,0.77837852
Mamu-A*01:01,CAPPGYAL,2,0.935937025
Mamu-A*01:01,CAPPGYAL,1,1
Mamu-A*01:01,CDPVHGNL,50001,-1.85E-06
Mamu-A*01:01,CGPVYCFT,10000,0.14874962
Mamu-A*01:01,CIPWQRLL,1890,0.302727661
Mamu-A*01:01,CLPDNGDY,50001,-1.85E-06
Mamu-A*01:01,CNPLNPFV,28801,0.050981904
Mamu-A*01:01,CSPRGPSC,140,0.543276924
Mamu-A*01:01,CTLYVTVF,1741,0.310317204
Mamu-A*01:01,CTPPGYAL,2,0.935937025
Mamu-A*01:01,CTPYDINQ,19936,0.084982875
Mamu-A*01:01,CYPDTGKV,50601,-0.001104305
Mamu-A*01:01,DAPFLDRL,48901,0.002054123
Mamu-A*01:01,DIPLASVI,10501,0.144231469
Mamu-A*01:01,DKPIAARF,50001,-1.85E-06
Mamu-A*01:01,DPPTDTPL,50001,-1.85E-06
Mamu-A*01:01,DRPIPTTA,3330,0.250379502
Mamu-A*01:01,DSPDAELI,1560,0.320462868
Mamu-A*01:01,DTAQIIKL,13401,0.121693221
Mamu-A*01:01,DTCYAVFF,13901,0.118307621
Mamu-A*01:01,DTPETKCF,13301,0.122385482
Mamu-A*01:01,DTPLDLAI,50001,-1.85E-06
Mamu-A*01:01,DTPVPPQY,50001,-1.85E-06
Mamu-A*01:01,EAPPTNPY,50001,-1.85E-06
Mamu-A*01:01,EGPQREPW,50001,-1.85E-06
Mamu-A*01:01,EGPQREPW,50001,-1.85E-06
Mamu-A*01:01,EIPYVNEV,50001,-1.85E-06
Mamu-A*01:01,EKPFEHFF,50001,-1.85E-06
Mamu-A*01:01,ELPLSQET,50001,-1.85E-06
Mamu-A*01:01,ELPQRETW,50001,-1.85E-06
Mamu-A*01:01,ENPTWKQW,50001,-1.85E-06
Mamu-A*01:01,ESANDDPI,50001,-1.85E-06
Mamu-A*01:01,ESARPEDV,21301,0.078861966
Mamu-A*01:01,ESAVLRGF,30501,0.045681485
Mamu-A*01:01,ESPQREPW,50001,-1.85E-06
Mamu-A*01:01,ETPDDKVF,6670,0.186177858
Mamu-A*01:01,ETPRCSQI,2081,0.293829908
Mamu-A*01:01,ETSYVKVL,50001,-1.85E-06
Mamu-A*01:01,EVPSTEDL,455,0.434341697
Mamu-A*01:01,EYPSLKIY,50001,-1.85E-06
Mamu-A*01:01,FAPPCKPL,17,0.738144972
Mamu-A*01:01,FKPTKEDF,50001,-1.85E-06
Mamu-A*01:01,FMPKCSKV,3700,0.240641732
Mamu-A*01:01,FMPKCSKV,3330,0.250379502
Mamu-A*01:01,FNPMIVEL,5180,0.209543845
Mamu-A*01:01,FPPGDDTV,50001,-1.85E-06
Mamu-A*01:01,FQPQNGQF,10000,0.14874962
Mamu-A*01:01,FSAESRKL,7,0.820152493
Mamu-A*01:01,FSPRRHWT,1520,0.322863609
Mamu-A*01:01,FSSPPSYF,29,0.688783287
Mamu-A*01:01,FSTPEEKF,50001,-1.85E-06
Mamu-A*01:01,FTAVGKEF,649,0.401518909
Mamu-A*01:01,FTPSPVVV,1,1
Mamu-A*01:01,GAPLGGAA,50001,-1.85E-06
Mamu-A*01:01,GAPQLNPI,2041,0.295623721
Mamu-A*01:01,GDPLFESA,50001,-1.85E-06
Mamu-A*01:01,GGPIYRRV,16501,0.102460697
Mamu-A*01:01,GGPLLCPA,50001,-1.85E-06
Mamu-A*01:01,GGPNLYNI,31000,0.044181663
Mamu-A*01:01,GIPHPAGL,3850,0.236968798
Mamu-A*01:01,GIPLYDAI,15800,0.10647289
Mamu-A*01:01,GIPLYDAI,50001,-1.85E-06
Mamu-A*01:01,GLPEEDAI,40201,0.020160407
Mamu-A*01:01,GNPECDSL,21101,0.079733849
Mamu-A*01:01,GPPITPPI,2,0.935937025
Mamu-A*01:01,GPPPPTPL,59,0.623140388
Mamu-A*01:01,GSPAIFQY,257,0.487135878
Mamu-A*01:01,GSPITYST,3330,0.250379502
Mamu-A*01:01,GSTLGLDI,41000,0.018341498
Mamu-A*01:01,GVPAWRNA,50001,-1.85E-06
Mamu-A*01:01,GVPPLRAW,5000,0.212812595
Mamu-A*01:01,HGPTPLLY,119,0.558297465
Mamu-A*01:01,HKPGSTWL,50001,-1.85E-06
Mamu-A*01:01,HLPDRVHF,13901,0.118307621
Mamu-A*01:01,HLPLSPRT,16101,0.104728729
Mamu-A*01:01,HLPRELIF,50001,-1.85E-06
Mamu-A*01:01,HLPVERDV,50001,-1.85E-06
Mamu-A*01:01,HNPTDKPI,50001,-1.85E-06
Mamu-A*01:01,HNPTDRPI,50001,-1.85E-06
Mamu-A*01:01,HPPSGSSA,50001,-1.85E-06
Mamu-A*01:01,HPPTEVFL,1591,0.318644261
Mamu-A*01:01,HSAAFEDL,18900,0.089915066
Mamu-A*01:01,HSPLDVDA,14100,0.116993914
Mamu-A*01:01,HSPYFPCF,208,0.506686927
Mamu-A*01:01,HSTQIGGI,13800,0.118981589
Mamu-A*01:01,HSTYFPCF,769,0.385838527
Mamu-A*01:01,HSTYFPCF,8300,0.165970822
Mamu-A*01:01,HSTYFPCF,6211,0.192767452
Mamu-A*01:01,HTPPPAPM,2,0.935937025
Mamu-A*01:01,HTPVNSWL,16,0.743748102
Mamu-A*01:01,HTTELIRL,1371,0.332398919
Mamu-A*01:01,IAPTTTAI,204,0.508481611
Mamu-A*01:01,IIPDWQDY,50001,-1.85E-06
Mamu-A*01:01,IKPPSPPT,50001,-1.85E-06
Mamu-A*01:01,ILPSPHCM,33,0.676841108
Mamu-A*01:01,IMPKAGLL,91,0.583091318
Mamu-A*01:01,INPGHADL,5731,0.200201235
Mamu-A*01:01,IPPSRSML,1331,0.335135561
Mamu-A*01:01,IPPSRSML,7577,0.174394115
Mamu-A*01:01,IQPTSGCI,13700,0.119653762
Mamu-A*01:01,IRPYTFKV,50001,-1.85E-06
Mamu-A*01:01,ISPLMVAY,534,0.419544867
Mamu-A*01:01,ISPSRSML,94,0.580093541
Mamu-A*01:01,ISTDKESI,50001,-1.85E-06
Mamu-A*01:01,ITPADEPM,32,0.679685127
Mamu-A*01:01,ITPIGLAP,34,0.674081998
Mamu-A*01:01,ITWYSKNF,14800,0.112515783
Mamu-A*01:01,KAPRTKST,50001,-1.85E-06
Mamu-A*01:01,KCPALACT,50001,-1.85E-06
Mamu-A*01:01,KCPLHVTI,15400,0.108842849
Mamu-A*01:01,KGPGELLW,9090,0.157567748
Mamu-A*01:01,KGPVIQMY,251,0.489319208
Mamu-A*01:01,KIPAPPSA,50001,-1.85E-06
Mamu-A*01:01,KIPRTKNM,3640,0.242152774
Mamu-A*01:01,KNPFGSFT,50001,-1.85E-06
Mamu-A*01:01,KSCLPACV,14301,0.115685692
Mamu-A*01:01,KSSFYRNL,14301,0.115685692
Mamu-A*01:01,KTAMLLVV,5881,0.197813313
Mamu-A*01:01,KTPAWMYF,24,0.706273664
Mamu-A*01:01,KTPKAPRT,910,0.370278723
Mamu-A*01:01,KTTKRLTV,27700,0.054584353
Mamu-A*01:01,KVPAAYAA,346,0.459652627
Mamu-A*01:01,KVPAQNAI,1211,0.343868094
Mamu-A*01:01,KVPLRAMT,50001,-1.85E-06
Mamu-A*01:01,KVPYFVRV,200,0.510311836
Mamu-A*01:01,KYPYDFFV,3700,0.240641732
Mamu-A*01:01,LAPITAYA,769,0.385838527
Mamu-A*01:01,LAPVPIPF,30,0.685649993
Mamu-A*01:01,LCPQTLHL,3850,0.236968798
Mamu-A*01:01,LDLAIQQL,6790,0.18452985
Mamu-A*01:01,LEPLVVHV,50001,-1.85E-06
Mamu-A*01:01,LFPRDSIL,50001,-1.85E-06
Mamu-A*01:01,LGPADGMV,10000,0.14874962
Mamu-A*01:01,LGPATAQM,215,0.503627719
Mamu-A*01:01,LGPIAGKV,2081,0.293829908
Mamu-A*01:01,LGPTSGHL,715,0.392567725
Mamu-A*01:01,LHPPTEVF,180,0.520049606
Mamu-A*01:01,LKPKVRIV,50001,-1.85E-06
Mamu-A*01:01,LLPENNVL,436,0.438284031
Mamu-A*01:01,LLPIFFCL,1320,0.335902564
Mamu-A*01:01,LLPLQNLF,400,0.446248861
Mamu-A*01:01,LLPPEDIL,14701,0.113136097
Mamu-A*01:01,LMPLTARI,217,0.502771941
Mamu-A*01:01,LMPLYACI,1520,0.322863609
Mamu-A*01:01,LNPHTTYI,14100,0.116993914
Mamu-A*01:01,LNPKRLHL,50001,-1.85E-06
Mamu-A*01:01,LNPMHQLL,673,0.398162776
Mamu-A*01:01,LNPWRGTA,50001,-1.85E-06
Mamu-A*01:01,LPPIIQRL,102,0.572544585
Mamu-A*01:01,LPPNFSSL,169,0.525877649
Mamu-A*01:01,LPPREGDL,50001,-1.85E-06
Mamu-A*01:01,LSEGCTPY,90900,-0.055244847
Mamu-A*01:01,LSPGALVV,20,0.723124431
Mamu-A*01:01,LSPGSQTS,14100,0.116993914
Mamu-A*01:01,LSPLCITM,8,0.807811076
Mamu-A*01:01,LSPLCITM,16,0.743748102
Mamu-A*01:01,LSPLLLST,2500,0.276875569
Mamu-A*01:01,LSPLTKGI,110,0.565565925
Mamu-A*01:01,LSPMGCRV,6,0.834399613
Mamu-A*01:01,LSPRPISY,26,0.69887585
Mamu-A*01:01,LSPRTLNA,1640,0.315840738
Mamu-A*01:01,LSPYAVRI,37,0.666266922
Mamu-A*01:01,LSPYYKRY,1790,0.307751906
Mamu-A*01:01,LSTRGVQI,780,0.384525843
Mamu-A*01:01,LSTYAVRI,8718,0.161429662
Mamu-A*01:01,LSTYAVRI,833,0.378449958
Mamu-A*01:01,LSYNYIPV,50001,-1.85E-06
Mamu-A*01:01,LTALGMSL,18,0.732862201
Mamu-A*01:01,LTALGNHI,648,0.401661427
Mamu-A*01:01,LTALGNHI,84,0.590489132
Mamu-A*01:01,LTANAITL,23,0.710207166
Mamu-A*01:01,LTASRLVW,16101,0.104728729
Mamu-A*01:01,LTCQILRL,10601,0.143355495
Mamu-A*01:01,LTPEKGWL,8,0.807811076
Mamu-A*01:01,LTPEKGWL,62,0.618556473
Mamu-A*01:01,LTPERGWL,12,0.770336639
Mamu-A*01:01,LTPERGWL,90,0.58411258
Mamu-A*01:01,LTPLGNHI,12,0.770336639
Mamu-A*01:01,LTPLRDWA,3850,0.236968798
Mamu-A*01:01,LTPTAPPE,807,0.3813807
Mamu-A*01:01,LVPADLTL,84,0.590489132
Mamu-A*01:01,LVPIVASA,50001,-1.85E-06
Mamu-A*01:01,LVPLVQRF,63,0.617077669
Mamu-A*01:01,LVPTGSEN,71400,-0.032928111
Mamu-A*01:01,MAPEKVDF,538,0.418855138
Mamu-A*01:01,MCPRSSDY,50001,-1.85E-06
Mamu-A*01:01,MLPIYDQA,50001,-1.85E-06
Mamu-A*01:01,MNPNQKII,24200,0.067068876
Mamu-A*01:01,MSPSYVKL,76,0.599739179
Mamu-A*01:01,MSPSYVKY,769,0.385838527
Mamu-A*01:01,MSPSYVKY,6381,0.190271753
Mamu-A*01:01,MSTQCIFM,371,0.453204871
Mamu-A*01:01,MTPAERLI,78,0.597338438
Mamu-A*01:01,MTPAERLI,11,0.77837852
Mamu-A*01:01,NAPNEKVV,50001,-1.85E-06
Mamu-A*01:01,NAPNHEGI,6890,0.183178608
Mamu-A*01:01,NFPGLAKV,50001,-1.85E-06
Mamu-A*01:01,NGPCYGQM,50001,-1.85E-06
Mamu-A*01:01,NGPESVLV,253,0.488585686
Mamu-A*01:01,NGPVTSTV,3921,0.235279893
Mamu-A*01:01,NKPISNRT,50001,-1.85E-06
Mamu-A*01:01,NPPLVETW,50001,-1.85E-06
Mamu-A*01:01,NQPSVILA,50001,-1.85E-06
Mamu-A*01:01,NSAGLELI,50001,-1.85E-06
Mamu-A*01:01,NSTCNFYV,12800,0.125933989
Mamu-A*01:01,NTASRPVL,50001,-1.85E-06
Mamu-A*01:01,NTPEALCD,126,0.553014694
Mamu-A*01:01,NTPWRNPA,50001,-1.85E-06
Mamu-A*01:01,PAPFDEAM,11400,0.136639551
Mamu-A*01:01,PAPMIPST,50001,-1.85E-06
Mamu-A*01:01,PAPNYKFA,5560,0.203000915
Mamu-A*01:01,PAPPSAAI,12,0.770336639
Mamu-A*01:01,PAPQQGQL,50001,-1.85E-06
Mamu-A*01:01,PAPSSSTT,50001,-1.85E-06
Mamu-A*01:01,PIPESCTV,9090,0.157567748
Mamu-A*01:01,PIPSSMIT,50001,-1.85E-06
Mamu-A*01:01,PIPVGNIY,8331,0.165626269
Mamu-A*01:01,PLPNRMKI,50001,-1.85E-06
Mamu-A*01:01,PPPPPGLA,50001,-1.85E-06
Mamu-A*01:01,PPPPPPGL,50001,-1.85E-06
Mamu-A*01:01,PPPRKKRT,50001,-1.85E-06
Mamu-A*01:01,PPPRSPPV,4171,0.229567291
Mamu-A*01:01,PPPSWDQM,3700,0.240641732
Mamu-A*01:01,PPPTPLDI,1350,0.333825548
Mamu-A*01:01,PSAMLSAI,50001,-1.85E-06
Mamu-A*01:01,PSPPTCML,1,1
Mamu-A*01:01,PSPTGPGT,50001,-1.85E-06
Mamu-A*01:01,PSPVVVGT,50001,-1.85E-06
Mamu-A*01:01,PSPYNSRF,563,0.414657171
Mamu-A*01:01,PTNTPEAL,8331,0.165626269
Mamu-A*01:01,PTPESANL,100,0.57437481
Mamu-A*01:01,PTPLDILA,7141,0.17987154
Mamu-A*01:01,PTPLLYRL,27,0.695387763
Mamu-A*01:01,PTTMNYPL,10000,0.14874962
Mamu-A*01:01,PVPIPFAA,303,0.471917755
Mamu-A*01:01,PVPVPAPV,833,0.378449958
Mamu-A*01:01,PYDINQML,10886,0.140903575
Mamu-A*01:01,PYPTGPGT,2560,0.274683609
Mamu-A*01:01,QHPELTGL,58200,-0.014035625
Mamu-A*01:01,QHPMKVII,50001,-1.85E-06
Mamu-A*01:01,QSPKKTGM,2041,0.295623721
Mamu-A*01:01,QSPKKTGM,1250,0.340938544
Mamu-A*01:01,QSPSLQYL,171,0.524790303
Mamu-A*01:01,QTAAQRTM,4930,0.214115665
Mamu-A*01:01,QVPGMQIT,50001,-1.85E-06
Mamu-A*01:01,QVPSLQYL,303,0.471917755
Mamu-A*01:01,QVPSLQYL,2519,0.276175808
Mamu-A*01:01,REPWDEWV,50001,-1.85E-06
Mamu-A*01:01,RFPKQVAI,50001,-1.85E-06
Mamu-A*01:01,RFPRAHKY,50001,-1.85E-06
Mamu-A*01:01,RFPVVSGV,50001,-1.85E-06
Mamu-A*01:01,RGPSCGSA,10300,0.146017697
Mamu-A*01:01,RKPSSSAA,50001,-1.85E-06
Mamu-A*01:01,RLPKTAML,21,0.718615081
Mamu-A*01:01,RNPGNAEF,1581,0.319227008
Mamu-A*01:01,RPPLGNWF,3330,0.250379502
Mamu-A*01:01,RRPSQPPA,50001,-1.85E-06
Mamu-A*01:01,RSANNASL,1451,0.327157354
Mamu-A*01:01,RSPYRALM,24,0.706273664
Mamu-A*01:01,RSTHVRKI,50001,-1.85E-06
Mamu-A*01:01,RSTKLRMV,40000,0.020623671
Mamu-A*01:01,RTCKLLGI,20900,0.080618458
Mamu-A*01:01,RTFSFQLI,3231,0.253168896
Mamu-A*01:01,RTLLSRVY,90900,-0.055244847
Mamu-A*01:01,RTLTLFNV,4551,0.221508792
Mamu-A*01:01,RTPKKAKA,50001,-1.85E-06
Mamu-A*01:01,SAPSLKAT,50001,-1.85E-06
Mamu-A*01:01,SAPVSEKI,72,0.604736252
Mamu-A*01:01,SAPVSEKL,8,0.807811076
Mamu-A*01:01,SDPSFQCI,17500,0.097028063
Mamu-A*01:01,SGPDDGAV,53400,-0.006080322
Mamu-A*01:01,SGPKANII,1190,0.34548487
Mamu-A*01:01,SGPKTNII,2331,0.28334459
Mamu-A*01:01,SGPLKAEI,23501,0.069777773
Mamu-A*01:01,SIPESANL,4612,0.220278211
Mamu-A*01:01,SIPHTHVT,50001,-1.85E-06
Mamu-A*01:01,SIPLDEEF,10300,0.146017697
Mamu-A*01:01,SPPSYFQT,50001,-1.85E-06
Mamu-A*01:01,SRPVVLYT,50001,-1.85E-06
Mamu-A*01:01,SSAASSTM,910,0.370278723
Mamu-A*01:01,SSAEKIVV,14100,0.116993914
Mamu-A*01:01,SSASDSDM,50001,-1.85E-06
Mamu-A*01:01,SSASNKPI,50001,-1.85E-06
Mamu-A*01:01,SSIEFARL,10000,0.14874962
Mamu-A*01:01,SSISFCGV,1671,0.314110018
Mamu-A*01:01,SSPPSYFQ,2,0.935937025
Mamu-A*01:01,SSTFRDSL,50001,-1.85E-06
Mamu-A*01:01,STLVEVTL,11201,0.138267154
Mamu-A*01:01,STPELANL,282,0.478556129
Mamu-A*01:01,STPESANL,37,0.666266922
Mamu-A*01:01,STPESANL,44,0.650252571
Mamu-A*01:01,STPESANL,5,0.85125038
Mamu-A*01:01,STPESANP,4574,0.221042876
Mamu-A*01:01,STPESANQ,13176,0.123258165
Mamu-A*01:01,STPESANR,15092,0.110710051
Mamu-A*01:01,STPPLVRL,4,0.871874051
Mamu-A*01:01,STPPLVRL,26,0.69887585
Mamu-A*01:01,STPRPLRL,1,1
Mamu-A*01:01,STSRHKKL,50001,-1.85E-06
Mamu-A*01:01,STTASAKV,769,0.385838527
Mamu-A*01:01,STTINYTL,588,0.410641625
Mamu-A*01:01,SVPASRYL,11,0.77837852
Mamu-A*01:01,SWPDGAEL,1541,0.321595448
Mamu-A*01:01,TAPIPSSM,217,0.502771941
Mamu-A*01:01,TAPPEDPA,50001,-1.85E-06
Mamu-A*01:01,TAPTIAPT,50001,-1.85E-06
Mamu-A*01:01,TEPAQARL,50001,-1.85E-06
Mamu-A*01:01,TGPLIENT,50001,-1.85E-06
Mamu-A*01:01,TIPLFCAT,6670,0.186177858
Mamu-A*01:01,TLPSVNNA,50001,-1.85E-06
Mamu-A*01:01,TMPNVYPA,50001,-1.85E-06
Mamu-A*01:01,TPPGSVTV,324,0.465724402
Mamu-A*01:01,TPPLVRLV,217,0.502771941
Mamu-A*01:01,TPPPAPMI,2,0.935937025
Mamu-A*01:01,TPYDINQM,529,0.420414331
Mamu-A*01:01,TSGPGIRY,90900,-0.055244847
Mamu-A*01:01,TSPIVPSF,118,0.559077414
Mamu-A*01:01,TSPTENTT,50001,-1.85E-06
Mamu-A*01:01,TSSVYIEV,11601,0.135024181
Mamu-A*01:01,TTAEPLSM,84,0.590489132
Mamu-A*01:01,TTIHYNYM,1451,0.327157354
Mamu-A*01:01,TTPCSGSW,2220,0.28785394
Mamu-A*01:01,TTPESANL,148,0.538140973
Mamu-A*01:01,TTPLARAA,59,0.623140388
Mamu-A*01:01,TVPDESNV,8331,0.165626269
Mamu-A*01:01,TVPSERGL,1361,0.33307552
Mamu-A*01:01,VGPGEGAV,50001,-1.85E-06
Mamu-A*01:01,VGPKLKQW,13200,0.123089969
Mamu-A*01:01,VIPVPPTV,11400,0.136639551
Mamu-A*01:01,VLPRASHL,3450,0.247107538
Mamu-A*01:01,VNPTLEEM,1031,0.358740604
Mamu-A*01:01,VNPTLLFL,455,0.434341697
Mamu-A*01:01,VPPACDPV,10800,0.141636624
Mamu-A*01:01,VSPLAVTW,28,0.692026544
Mamu-A*01:01,VSSCTRMM,661,0.399825609
Mamu-A*01:01,VTAQSRTL,3,0.898462588
Mamu-A*01:01,VTPDYADI,103,0.571642887
Mamu-A*01:01,VTPDYADI,13,0.762938825
Mamu-A*01:01,VTPNYADI,230,0.497394571
Mamu-A*01:01,VTPNYADI,29,0.688783287
Mamu-A*01:01,VTPPELIL,1,1
Mamu-A*01:01,VTTTNPLI,152,0.535676204
Mamu-A*01:01,VVPGFQAL,99,0.575303696
Mamu-A*01:01,VVPGFQAL,12,0.770336639
Mamu-A*01:01,WIPEWDFI,8331,0.165626269
Mamu-A*01:01,WSPTAALV,1,1
Mamu-A*01:01,WTCSRVIF,3381,0.24897474
Mamu-A*01:01,WTDVTPNY,54001,-0.007114708
Mamu-A*01:01,WTNCRGEF,16600,0.101907847
Mamu-A*01:01,WVPAHKGI,358,0.456501526
Mamu-A*01:01,WVPGAVYA,2171,0.289916765
Mamu-A*01:01,YLPFLNSI,1490,0.324705996
Mamu-A*01:01,YPPRPCGI,2081,0.293829908
Mamu-A*01:01,YRPLEACY,50001,-1.85E-06
Mamu-A*01:01,YSARRHRI,1890,0.302727661
Mamu-A*01:01,YSTVASSL,65,0.614189204
Mamu-A*01:01,YTPKIVGG,108,0.567261814
Mamu-A*01:01,YVPESDAA,4551,0.221508792
Mamu-A*02:01,AGPLCIRM,14901,0.111887199
Mamu-A*02:01,ASACHDGM,1180,0.346264819
Mamu-A*02:01,ASPQLEGF,14301,0.115685692
Mamu-A*02:01,ASTTAKAM,23,0.710207166
Mamu-A*02:01,ATAGLTHM,32,0.679685127
Mamu-A*02:01,ATALANTI,251,0.489319208
Mamu-A*02:01,CTLYVTVF,111,0.564729509
Mamu-A*02:01,DAPFLDRL,87000,-0.05119191
Mamu-A*02:01,DGLYNISL,87000,-0.05119191
Mamu-A*02:01,DLLKYAGL,87000,-0.05119191
Mamu-A*02:01,DLYTSMRL,8361,0.16529405
Mamu-A*02:01,DTAQIIKL,87000,-0.05119191
Mamu-A*02:01,DTNYSGFM,30800,0.044779875
Mamu-A*02:01,DVTTFLSM,625,0.405001518
Mamu-A*02:01,ESARPEDV,13500,0.121012953
Mamu-A*02:01,ESAVLRGF,157,0.532684897
Mamu-A*02:01,ESYKVIGM,8511,0.163650633
Mamu-A*02:01,ETGTTETM,2671,0.270760638
Mamu-A*02:01,ETQTSTWF,10800,0.141636624
Mamu-A*02:01,FSAESRKL,255,0.487857939
Mamu-A*02:01,FSSPPSYF,45,0.648175555
Mamu-A*02:01,FSTPEEKF,11801,0.133444392
Mamu-A*02:01,FTAVGKEF,1,1
Mamu-A*02:01,GAPQLNPI,87000,-0.05119191
Mamu-A*02:01,GGPIYRRV,87000,-0.05119191
Mamu-A*02:01,GGPNLYNI,87000,-0.05119191
Mamu-A*02:01,GIPLYDAI,87000,-0.05119191
Mamu-A*02:01,GLPEEDAI,87000,-0.05119191
Mamu-A*02:01,GSPAIFQY,1081,0.354363682
Mamu-A*02:01,GSTLGLDI,1680,0.313613562
Mamu-A*02:01,HSAAFEDL,1671,0.314110018
Mamu-A*02:01,HSTQIGGI,37,0.666266922
Mamu-A*02:01,HSTYFPCF,73,0.603461427
Mamu-A*02:01,HTDNGANF,1141,0.349371109
Mamu-A*02:01,ILGEFDII,87000,-0.05119191
Mamu-A*02:01,ILSPFLPL,87000,-0.05119191
Mamu-A*02:01,ISHNFCNL,132,0.548715159
Mamu-A*02:01,ISLKNYGI,21801,0.076717576
Mamu-A*02:01,ISPLMVAY,109,0.56640998
Mamu-A*02:01,ITWYSKNF,138,0.544606779
Mamu-A*02:01,KIPRTKNM,20500,0.082404472
Mamu-A*02:01,KSCLPACV,2621,0.272507163
Mamu-A*02:01,KTTKRLTV,155,0.533869828
Mamu-A*02:01,KVPAQNAI,3751,0.239376489
Mamu-A*02:01,KVVRFDKL,87000,-0.05119191
Mamu-A*02:01,KVVRVDKL,87000,-0.05119191
Mamu-A*02:01,LAPVPIPF,852,0.376365546
Mamu-A*02:01,LGPATAQM,367,0.45420676
Mamu-A*02:01,LLSTNLPY,65600,-0.025097805
Mamu-A*02:01,LSCEGQKY,4941,0.213909676
Mamu-A*02:01,LSEGCTPY,77,0.598531014
Mamu-A*02:01,LSPLCITM,334,0.462914966
Mamu-A*02:01,LSPLTKGI,87000,-0.05119191
Mamu-A*02:01,LSTRGVQI,111,0.564729509
Mamu-A*02:01,LTIKSNIL,5,0.85125038
Mamu-A*02:01,LTPIFSDL,8451,0.164304497
Mamu-A*02:01,MAPEKVDF,59600,-0.016232548
Mamu-A*02:01,MGLIYNRM,37200,0.027330897
Mamu-A*02:01,MSPSYVKY,1291,0.337955714
Mamu-A*02:01,MSYSSVMI,447,0.435981179
Mamu-A*02:01,NAPNHEGI,87000,-0.05119191
Mamu-A*02:01,NGPESVLV,87000,-0.05119191
Mamu-A*02:01,NGPVTSTV,87000,-0.05119191
Mamu-A*02:01,PIYKRGDM,8170,0.167429872
Mamu-A*02:01,PSPYNSRF,46101,0.007503699
Mamu-A*02:01,PSYVKYRY,148001,-0.100297436
Mamu-A*02:01,QSPKKTGM,190000,-0.123385252
Mamu-A*02:01,QSYLTKFL,60,0.621587018
Mamu-A*02:01,QSYVDRFY,9300,0.155456846
Mamu-A*02:01,QTAAQRTM,48,0.64221069
Mamu-A*02:01,QTSTWFGF,1050,0.357052866
Mamu-A*02:01,RALLSRVY,11,0.77837852
Mamu-A*02:01,RSPYRALM,11,0.77837852
Mamu-A*02:01,RSTKLRMV,2,0.935937025
Mamu-A*02:01,RTCKLLGI,333,0.463192097
Mamu-A*02:01,RTFSFQLI,13,0.762938825
Mamu-A*02:01,RTLLLRVY,11,0.77837852
Mamu-A*02:01,RTLLSRVK,1250,0.340938544
Mamu-A*02:01,RTLLSRVY,5,0.85125038
Mamu-A*02:01,RTLLSRVY,4,0.871874051
Mamu-A*02:01,SGPDDGAV,65401,-0.02481701
Mamu-A*02:01,SGPLKAEI,87000,-0.05119191
Mamu-A*02:01,SIINFEKL,87000,-0.05119191
Mamu-A*02:01,SSAEKIVV,87000,-0.05119191
Mamu-A*02:01,SSGRGGNY,1211,0.343868094
Mamu-A*02:01,STPRPLRL,2300,0.284581976
Mamu-A*02:01,SVPASRYL,15900,0.105889776
Mamu-A*02:01,TIKSNILM,28,0.692026544
Mamu-A*02:01,TIQRFSSL,2551,0.275009107
Mamu-A*02:01,TSGPGIRY,87,0.587245875
Mamu-A*02:01,TSPIVPSF,450,0.43536296
Mamu-A*02:01,TTEQEIQF,16001,0.105304541
Mamu-A*02:01,TTPESANL,95200,-0.059516648
Mamu-A*02:01,TVPSERGL,87000,-0.05119191
Mamu-A*02:01,VSDLYTSM,152,0.535676204
Mamu-A*02:01,VSPLAVTW,17301,0.098085069
Mamu-A*02:01,VSSCTRMM,190,0.515052533
Mamu-A*02:01,VTESYKVI,38501,0.024153803
Mamu-A*02:01,VTTTNPLI,1031,0.358740604
Mamu-A*02:01,WTCSRVIF,37,0.666266922
Mamu-A*02:01,WTDVTPDC,22101,0.075454425
Mamu-A*02:01,WTDVTPDY,49,0.640304986
Mamu-A*02:01,WTDVTPNY,91,0.583091318
Mamu-A*02:01,WTDVTPNY,17,0.738144972
Mamu-A*02:01,WTNCRGEF,79,0.596161055
Mamu-A*02:01,YIIILAVL,3081,0.257562467
Mamu-A*02:01,YNLTMKCR,852,0.376365546
Mamu-A*02:01,YNLTMKCR,858,0.375716958
Mamu-A*02:01,YSISNDLL,114,0.562264741
Mamu-A*02:01,YSTVASSL,7,0.820152493
Mamu-A*02:01,YTVKYPNL,1720,0.311438795
Mamu-A*11:01,AEAALENL,1771,0.308738179
Mamu-A*11:01,AEALKEAL,852,0.376365546
Mamu-A*11:01,AEHLKTAV,122,0.555996351
Mamu-A*11:01,AELEAFLM,2,0.935937025
Mamu-A*11:01,AELLAACF,12,0.770336639
Mamu-A*11:01,AELYRLEL,89,0.585145254
Mamu-A*11:01,AENRTYIY,6391,0.190127025
Mamu-A*11:01,AEPGKRYI,852,0.376365546
Mamu-A*11:01,AEQFKQKA,23200,0.070969174
Mamu-A*11:01,AEQTDAAV,794,0.382881674
Mamu-A*11:01,AERLINMI,4,0.871874051
Mamu-A*11:01,AETAGARL,1280,0.338746583
Mamu-A*11:01,AETGQETA,20900,0.080618458
Mamu-A*11:01,AEYEENKI,93,0.581082036
Mamu-A*11:01,CDELAAKL,23000,0.071769381
Mamu-A*11:01,DDLVGVSV,37901,0.02560547
Mamu-A*11:01,DDPWGEVL,5771,0.199558399
Mamu-A*11:01,DDSIVTGI,1291,0.337955714
Mamu-A*11:01,DEEDDDLV,164000,-0.109784451
Mamu-A*11:01,DELEKIRL,95800,-0.06009732
Mamu-A*11:01,DEQIQWMY,177001,-0.116835331
Mamu-A*11:01,DEWVVEVL,640,0.402809558
Mamu-A*11:01,EDDDLVGV,15900,0.105889776
Mamu-A*11:01,EDEEHYLM,6840,0.183851759
Mamu-A*11:01,EDPAVDLL,9401,0.15445852
Mamu-A*11:01,EEAADWDL,51101,-0.002013078
Mamu-A*11:01,EEELRKRL,128000,-0.086878606
Mamu-A*11:01,EEEVRRRL,100001,-0.064063899
Mamu-A*11:01,EEGIIPDW,5921,0.197186818
Mamu-A*11:01,EEILSQLY,95800,-0.06009732
Mamu-A*11:01,EEINREAV,9581,0.152705628
Mamu-A*11:01,EEKRWIAV,24500,0.065930176
Mamu-A*11:01,EELKEEAL,4890,0.214868608
Mamu-A*11:01,EENITALL,6220,0.192633624
Mamu-A*11:01,EEREKLAY,115000,-0.076980239
Mamu-A*11:01,EETIGEAF,698,0.394791748
Mamu-A*11:01,EEVQWTEM,25300,0.062960496
Mamu-A*11:01,FDAWNNTV,1710,0.311977708
Mamu-A*11:01,FEANGNLI,2,0.935937025
Mamu-A*11:01,FESTGNLI,3,0.898462588
Mamu-A*11:01,FEWLNRTV,43,0.652377339
Mamu-A*11:01,GDLCGSVF,38300,0.024637576
Mamu-A*11:01,GDLRQRLL,982,0.36324099
Mamu-A*11:01,GDPEVTFM,1850,0.304704706
Mamu-A*11:01,GDTPINIF,5000,0.212812595
Mamu-A*11:01,GDYKLVEI,1,1
Mamu-A*11:01,GDYKLVEI,44,0.650252571
Mamu-A*11:01,GDYSEVAL,319,0.467161808
Mamu-A*11:01,GEAMHGQV,4181,0.229345971
Mamu-A*11:01,GEEILSQL,623,0.405297747
Mamu-A*11:01,GEFLYCKM,52,0.634812876
Mamu-A*11:01,GEGAVQWM,230,0.497394571
Mamu-A*11:01,GELSYLNV,237,0.494623642
Mamu-A*11:01,GEPGDPDL,15300,0.109444958
Mamu-A*11:01,GERPSGMF,145,0.540033667
Mamu-A*11:01,GETYGRLL,8,0.807811076
Mamu-A*11:01,GEVLAWKF,46,0.646144191
Mamu-A*11:01,HDKYHSNV,2761,0.267697729
Mamu-A*11:01,HEAVQAVW,1600,0.318122912
Mamu-A*11:01,HETTYNSI,145,0.540033667
Mamu-A*11:01,IDEEDDDL,50801,-0.001468887
Mamu-A*11:01,IDGNQTNI,31101,0.043881032
Mamu-A*11:01,IDTLTCGF,50001,-1.85E-06
Mamu-A*11:01,IEAEVIPA,7421,0.176316846
Mamu-A*11:01,IEAQQHLL,2471,0.277953947
Mamu-A*11:01,IEDVWQLF,50001,-1.85E-06
Mamu-A*11:01,IEGEETYY,135000,-0.091799642
Mamu-A*11:01,IEGQPVEV,1280,0.338746583
Mamu-A*11:01,IETVPVKL,15300,0.109444958
Mamu-A*11:01,IEVLGKRI,31,0.682619448
Mamu-A*11:01,IEYIHFLI,6,0.834399613
Mamu-A*11:01,KDCTERQA,50001,-1.85E-06
Mamu-A*11:01,KDKNKWRM,5611,0.202157012
Mamu-A*11:01,KDPPFQWM,47001,0.005716765
Mamu-A*11:01,KDVWEQWW,64000,-0.022815632
Mamu-A*11:01,KEEALKHF,958,0.36552787
Mamu-A*11:01,KEGCQKIL,8520,0.163552951
Mamu-A*11:01,KEGKAGYI,86,0.588314365
Mamu-A*11:01,KEPFQSYV,1101,0.352669348
Mamu-A*11:01,KEPFRDYV,7190,0.179239517
Mamu-A*11:01,KEPPFLWM,2841,0.265057825
Mamu-A*11:01,KEQHKRNY,105000,-0.068572324
Mamu-A*11:01,KETVEKAV,8211,0.166967219
Mamu-A*11:01,KEVKQTIV,535,0.419371952
Mamu-A*11:01,KEVTEDLL,8850,0.160040761
Mamu-A*11:01,KEYKNVEI,77,0.598531014
Mamu-A*11:01,KEYNETWY,11501,0.135824319
Mamu-A*11:01,LDIGDAYF,5440,0.205017505
Mamu-A*11:01,LDKGLSSL,76801,-0.039667602
Mamu-A*11:01,LDLAIQQL,27,0.695387763
Mamu-A*11:01,LDLAIQQL,11,0.77837852
Mamu-A*11:01,LDVGDAYF,95800,-0.06009732
Mamu-A*11:01,LEAFLMAL,122,0.555996351
Mamu-A*11:01,LEDGVNYA,10501,0.144231469
Mamu-A*11:01,LEENITAL,344,0.460188416
Mamu-A*11:01,LEGAGELI,21,0.718615081
Mamu-A*11:01,LEGKIIIV,1050,0.357052866
Mamu-A*11:01,LEHDRVVL,165,0.528091488
Mamu-A*11:01,LEKEEGII,460,0.433331596
Mamu-A*11:01,LELGDYKL,2581,0.273928541
Mamu-A*11:01,LERWHSLI,136,0.545956049
Mamu-A*11:01,LEVVTSTW,36501,0.029084085
Mamu-A*11:01,MEEEKRWI,852,0.376365546
Mamu-A*11:01,METQTSTW,23000,0.071769381
Mamu-A*11:01,NDRPKQAW,85200,-0.049259644
Mamu-A*11:01,NDTNYSGF,85200,-0.049259644
Mamu-A*11:01,NELDRFGL,1050,0.357052866
Mamu-A*11:01,NEQVDKLV,50001,-1.85E-06
Mamu-A*11:01,NETPGIRY,50001,-1.85E-06
Mamu-A*11:01,PDLSDGSW,50001,-1.85E-06
Mamu-A*11:01,PDRQAGFL,4960,0.213554955
Mamu-A*11:01,PEDPAVDL,63900,-0.022671107
Mamu-A*11:01,PEYDLELI,5351,0.206542083
Mamu-A*11:01,QDFTEVQL,3601,0.243148367
Mamu-A*11:01,QDFWEVQL,17700,0.095977786
Mamu-A*11:01,QEDEEHYL,50001,-1.85E-06
Mamu-A*11:01,QEDKILKV,4341,0.225875078
Mamu-A*11:01,QEGSHLEV,11501,0.135824319
Mamu-A*11:01,QEKNMYEL,768,0.385958792
Mamu-A*11:01,QELLRLTV,316,0.468035105
Mamu-A*11:01,QEQEGCYY,76701,-0.039547182
Mamu-A*11:01,QESCDKHY,50001,-1.85E-06
Mamu-A*11:01,QEVKMVAW,26,0.69887585
Mamu-A*11:01,RDYGKQMA,50001,-1.85E-06
Mamu-A*11:01,REGRDQLW,1331,0.335135561
Mamu-A*11:01,REKPYKEV,1440,0.327860682
Mamu-A*11:01,RELIFQVW,1001,0.361469838
Mamu-A*11:01,REPRGSDI,15300,0.109444958
Mamu-A*11:01,REPSGSDI,698,0.394791748
Mamu-A*11:01,REPWDEWV,3971,0.234108776
Mamu-A*11:01,RESREKPY,48901,0.002054123
Mamu-A*11:01,REVLRTEL,233,0.496196843
Mamu-A*11:01,SDGSWSTV,50001,-1.85E-06
Mamu-A*11:01,SDLGTWQM,882,0.373167187
Mamu-A*11:01,SDYEGRLI,9,0.796925175
Mamu-A*11:01,SEIYVAWV,13,0.762938825
Mamu-A*11:01,SELSPLLL,606,0.407854781
Mamu-A*11:01,SELYKYKV,2421,0.279843288
Mamu-A*11:01,SENLKSLY,128000,-0.086878606
Mamu-A*11:01,SETDRWGL,535,0.419371952
Mamu-A*11:01,TDAAVKNW,64801,-0.023965189
Mamu-A*11:01,TDLEHDRV,2491,0.277208894
Mamu-A*11:01,TDPSHITA,30300,0.046292565
Mamu-A*11:01,TDRGKDKV,40700,0.019020252
Mamu-A*11:01,TDYWQVTW,46200,0.007305437
Mamu-A*11:01,TEEAKQIV,52301,-0.004158356
Mamu-A*11:01,TEEKIKAL,6571,0.187559941
Mamu-A*11:01,TELTYLQY,128000,-0.086878606
Mamu-A*11:01,TEMAEAEY,47901,0.003963725
Mamu-A*11:01,TENSGKDI,1001,0.361469838
Mamu-A*11:01,TEQAIEDV,794,0.382881674
Mamu-A*11:01,TERQANFL,442,0.437020822
Mamu-A*11:01,TESESRLV,768,0.385958792
Mamu-A*11:01,TETLAGAW,16401,0.103022508
Mamu-A*11:01,VDCSPGIW,50001,-1.85E-06
Mamu-A*11:01,VDEQIQWM,489,0.427681203
Mamu-A*11:01,VDFLEENI,265,0.484302757
Mamu-A*11:01,VDLLKNYM,3870,0.23648992
Mamu-A*11:01,VDQDLVGW,15300,0.109444958
Mamu-A*11:01,VDRFYKSL,50601,-0.001104305
Mamu-A*11:01,VDYPYRLW,50001,-1.85E-06
Mamu-A*11:01,VEAMNHHL,27400,0.055590787
Mamu-A*11:01,VEITPIGL,742,0.389141896
Mamu-A*11:01,VEPVKVAL,6220,0.192633624
Mamu-A*11:01,VESENKVV,50001,-1.85E-06
Mamu-A*11:01,VESMNKEL,50001,-1.85E-06
Mamu-A*11:01,WDDPWGEV,7141,0.17987154
Mamu-A*11:01,WDEWVVEV,902,0.371094828
Mamu-A*11:01,WDQMWKCL,50001,-1.85E-06
Mamu-A*11:01,WDVFGNWF,18701,0.09089336
Mamu-A*11:01,WEQWWTDY,9201,0.156445981
Mamu-A*11:01,WERKVDFL,5,0.85125038
Mamu-A*11:01,YDAGCAWY,50001,-1.85E-06
Mamu-A*11:01,YEDTGKTI,29,0.688783287
Mamu-A*11:01,YEENKIIL,3291,0.251468326
Mamu-A*11:01,YELHPDKW,7421,0.176316846
Mamu-A*11:01,YELWPTKW,15,0.749712967
Mamu-B*01:01,ADDIVEKL,72,0.604736252
Mamu-B*01:01,AEALKEAL,77100,-0.040026724
Mamu-B*01:01,AELYRLEL,93101,-0.057456068
Mamu-B*01:01,AENRTYIY,87101,-0.051299144
Mamu-B*01:01,AEPGKRYI,108001,-0.071176826
Mamu-B*01:01,AERLINMI,75000,-0.037474438
Mamu-B*01:01,AEYEENKI,6611,0.186999033
Mamu-B*01:01,ASACHDGM,69200,-0.030035538
Mamu-B*01:01,CDKHYWDA,123000,-0.083195915
Mamu-B*01:01,CNPLNPFV,87101,-0.051299144
Mamu-B*01:01,DDLVGVSV,66001,-0.025661052
Mamu-B*01:01,DDPWGEVL,87101,-0.051299144
Mamu-B*01:01,DDSIVTGI,51101,-0.002013078
Mamu-B*01:01,DELEKIRL,52101,-0.00380425
Mamu-B*01:01,DEWVVEVL,59100,-0.015453914
Mamu-B*01:01,DGLYNISL,87101,-0.051299144
Mamu-B*01:01,DLYTSMRL,87101,-0.051299144
Mamu-B*01:01,DTNYSGFM,54001,-0.007114708
Mamu-B*01:01,DVTTFLSM,87101,-0.051299144
Mamu-B*01:01,EDDDLVGV,51700,-0.003090154
Mamu-B*01:01,EDEEHYLM,5180,0.209543845
Mamu-B*01:01,EDPAVDLL,31101,0.043881032
Mamu-B*01:01,EDVVLVRI,15,0.749712967
Mamu-B*01:01,EEAADWDL,77100,-0.040026724
Mamu-B*01:01,EEELRKRL,90000,-0.054325204
Mamu-B*01:01,EEEVRRRL,90000,-0.054325204
Mamu-B*01:01,EELKEEAL,159001,-0.1069234
Mamu-B*01:01,EENITALL,58801,-0.014985137
Mamu-B*01:01,EETIGEAF,93101,-0.057456068
Mamu-B*01:01,EITPIGLA,69200,-0.030035538
Mamu-B*01:01,ETQTSTWF,87101,-0.051299144
Mamu-B*01:01,FDAWNNTV,399,0.446480209
Mamu-B*01:01,FDPRLLTA,93101,-0.057456068
Mamu-B*01:01,FSSPPSYF,87101,-0.051299144
Mamu-B*01:01,GDLRQRLL,21700,0.077146751
Mamu-B*01:01,GDPEVTFM,75000,-0.037474438
Mamu-B*01:01,GDTPINIF,108001,-0.071176826
Mamu-B*01:01,GDYKLVEI,90000,-0.054325204
Mamu-B*01:01,GDYKLVEI,6191,0.193065544
Mamu-B*01:01,GDYSEVAL,599,0.408928591
Mamu-B*01:01,GEEILSQL,10400,0.145124711
Mamu-B*01:01,GETYGRLL,90000,-0.054325204
Mamu-B*01:01,GEVLAWKF,90000,-0.054325204
Mamu-B*01:01,HDKYHSNV,93101,-0.057456068
Mamu-B*01:01,HSTQIGGI,87101,-0.051299144
Mamu-B*01:01,HSTYFPCF,87101,-0.051299144
Mamu-B*01:01,IDDVTIKI,34,0.674081998
Mamu-B*01:01,IDEEDDDL,28900,0.050664754
Mamu-B*01:01,IDGNQTNI,9420,0.154271915
Mamu-B*01:01,IDRIREQA,93101,-0.057456068
Mamu-B*01:01,IEDVWQLF,41901,0.016332434
Mamu-B*01:01,IEVLGKRI,108001,-0.071176826
Mamu-B*01:01,IEYIHFLI,766,0.386199791
Mamu-B*01:01,ILSPFLPL,41501,0.017218974
Mamu-B*01:01,ISHNFCNL,48200,0.003388608
Mamu-B*01:01,ITWYSKNF,87101,-0.051299144
Mamu-B*01:01,KDGQLEEA,75000,-0.037474438
Mamu-B*01:01,KDKNKWRM,81801,-0.045496909
Mamu-B*01:01,KDLQKVCY,159001,-0.1069234
Mamu-B*01:01,KDPPFQWM,93101,-0.057456068
Mamu-B*01:01,KDQAQLNA,75000,-0.037474438
Mamu-B*01:01,KDVWEQWW,93101,-0.057456068
Mamu-B*01:01,KEEALKHF,159001,-0.1069234
Mamu-B*01:01,KEGCQKIL,77100,-0.040026724
Mamu-B*01:01,KEGKAGYI,108001,-0.071176826
Mamu-B*01:01,KEVTEDLL,87101,-0.051299144
Mamu-B*01:01,KEYKNVEI,108001,-0.071176826
Mamu-B*01:01,KSCLPACV,87101,-0.051299144
Mamu-B*01:01,KVVRVDKL,87101,-0.051299144
Mamu-B*01:01,LDEEFRQY,87101,-0.051299144
Mamu-B*01:01,LDIGDAYF,9741,0.15117493
Mamu-B*01:01,LDILPNYF,19100,0.08894218
Mamu-B*01:01,LDKGLSSL,90000,-0.054325204
Mamu-B*01:01,LDLAIQQL,893,0.372021644
Mamu-B*01:01,LDSLRDLI,928,0.368468415
Mamu-B*01:01,LEAFLMAL,75000,-0.037474438
Mamu-B*01:01,LEENITAL,90000,-0.054325204
Mamu-B*01:01,LEGAGELI,20300,0.083310591
Mamu-B*01:01,LEHDRVVL,108001,-0.071176826
Mamu-B*01:01,LEKEEGII,90000,-0.054325204
Mamu-B*01:01,LELGDYKL,11201,0.138267154
Mamu-B*01:01,LERWHSLI,159001,-0.1069234
Mamu-B*01:01,LSEGCTPY,87101,-0.051299144
Mamu-B*01:01,MEEEKRWI,159001,-0.1069234
Mamu-B*01:01,MMINPFMI,87101,-0.051299144
Mamu-B*01:01,MNPNQKII,87101,-0.051299144
Mamu-B*01:01,NDRPKQAW,123000,-0.083195915
Mamu-B*01:01,NDTNYSGF,123000,-0.083195915
Mamu-B*01:01,NELDRFGL,77100,-0.040026724
Mamu-B*01:01,NELDRFGL,74700,-0.037104003
Mamu-B*01:01,NGPVTSTV,87101,-0.051299144
Mamu-B*01:01,PDRQAGFL,87101,-0.051299144
Mamu-B*01:01,PDVTLVQY,81801,-0.045496909
Mamu-B*01:01,PEDPAVDL,77100,-0.040026724
Mamu-B*01:01,PIYKRGDM,20900,0.080618458
Mamu-B*01:01,QDFTEVQL,1921,0.301224021
Mamu-B*01:01,QEDEEHYL,1661,0.314664782
Mamu-B*01:01,QEKNMYEL,90000,-0.054325204
Mamu-B*01:01,QESCDKHY,87101,-0.051299144
Mamu-B*01:01,QQSTYQLV,87101,-0.051299144
Mamu-B*01:01,QSYVDRFY,87101,-0.051299144
Mamu-B*01:01,QTAAQRTM,87101,-0.051299144
Mamu-B*01:01,QTSTWFGF,87101,-0.051299144
Mamu-B*01:01,RDIINEEA,87101,-0.051299144
Mamu-B*01:01,REPSGSDI,77100,-0.040026724
Mamu-B*01:01,REVLRTEL,90000,-0.054325204
Mamu-B*01:01,RTFSFQLI,87101,-0.051299144
Mamu-B*01:01,SDLGTWQM,17601,0.096496181
Mamu-B*01:01,SETDRWGL,24400,0.066308186
Mamu-B*01:01,SGPDDGAV,87101,-0.051299144
Mamu-B*01:01,SNIKTMMI,1900,0.302239938
Mamu-B*01:01,SQQPYLQL,24301,0.066683945
Mamu-B*01:01,SSGRGGNY,87101,-0.051299144
Mamu-B*01:01,SWPDGAEL,39101,0.022724584
Mamu-B*01:01,TDAAVKNW,87101,-0.051299144
Mamu-B*01:01,TDKINLTA,123000,-0.083195915
Mamu-B*01:01,TDLEHDRV,33400,0.037289776
Mamu-B*01:01,TDNGANFA,93101,-0.057456068
Mamu-B*01:01,TDRGKDKV,93101,-0.057456068
Mamu-B*01:01,TDTPLDLA,159001,-0.1069234
Mamu-B*01:01,TDVTPNYA,159001,-0.1069234
Mamu-B*01:01,TDYWQVTW,33100,0.038123676
Mamu-B*01:01,TIKSNILM,11901,0.132664509
Mamu-B*01:01,TIQRFSSL,87101,-0.051299144
Mamu-B*01:01,TMMINPFM,58700,-0.014826248
Mamu-B*01:01,VDEQIQWM,61700,-0.019433016
Mamu-B*01:01,VDFLEENI,20,0.723124431
Mamu-B*01:01,VDLIEHLL,7,0.820152493
Mamu-B*01:01,VDLLKNYM,10400,0.145124711
Mamu-B*01:01,VDRFYKSL,29001,0.050342316
Mamu-B*01:01,VEAMNHHL,14200,0.116340743
Mamu-B*01:01,VEITPIGL,90000,-0.054325204
Mamu-B*01:01,VEITPIGL,69200,-0.030035538
Mamu-B*01:01,VEPVKVAL,108001,-0.071176826
Mamu-B*01:01,VSSCTRMM,32901,0.03868101
Mamu-B*01:01,WDAIRFRY,123000,-0.083195915
Mamu-B*01:01,WDDPWGEV,90000,-0.054325204
Mamu-B*01:01,WDEWVVEV,84400,-0.048387719
Mamu-B*01:01,WDVFGNWF,25201,0.063322862
Mamu-B*01:01,WEQWWTDY,45001,0.009735716
Mamu-B*01:01,WERKVDFL,93101,-0.057456068
Mamu-B*01:01,WQTMYTNV,87101,-0.051299144
Mamu-B*01:01,WTCSRVIF,87101,-0.051299144
Mamu-B*01:01,WTDVTPDY,87101,-0.051299144
Mamu-B*01:01,YEENKIIL,108001,-0.071176826
Mamu-B*17:01,AENRTYIY,79600,-0.042976027
Mamu-B*17:01,AGPLCIRM,87501,-0.051722614
Mamu-B*17:01,ALGMSLNF,18100,0.093912374
Mamu-B*17:01,ALNVTESF,78300,-0.041454139
Mamu-B*17:01,ASACHDGM,87501,-0.051722614
Mamu-B*17:01,ASTTAKAM,87501,-0.051722614
Mamu-B*17:01,ATAGLTHM,87501,-0.051722614
Mamu-B*17:01,CLIQKALF,5601,0.202321877
Mamu-B*17:01,CTLYVTVF,87501,-0.051722614
Mamu-B*17:01,CYCKKCCY,39200,0.022490873
Mamu-B*17:01,CYHCQFCF,13401,0.121693221
Mamu-B*17:01,DEQIQWMY,87501,-0.051722614
Mamu-B*17:01,DLASWIKY,50001,-1.85E-06
Mamu-B*17:01,DTNYSGFM,87501,-0.051722614
Mamu-B*17:01,DVTTFLSM,87501,-0.051722614
Mamu-B*17:01,EACYNTCY,39200,0.022490873
Mamu-B*17:01,EEILSQLY,50001,-1.85E-06
Mamu-B*17:01,EKDVWEQW,10900,0.14078479
Mamu-B*17:01,ELLNSIGF,50001,-1.85E-06
Mamu-B*17:01,ELLRLTVW,50001,-1.85E-06
Mamu-B*17:01,ELPQRETW,5951,0.196719718
Mamu-B*17:01,ELQKLNSW,10701,0.142487745
Mamu-B*17:01,ESYKVIGM,87501,-0.051722614
Mamu-B*17:01,FKNFRVYY,235001,-0.143031282
Mamu-B*17:01,FKVGWAWW,9040,0.15807753
Mamu-B*17:01,FLYCKMNW,6621,0.186859336
Mamu-B*17:01,FPGQQQPF,3580,0.243688931
Mamu-B*17:01,FPQPQLPY,69800,-0.030833442
Mamu-B*17:01,FSSPPSYF,87501,-0.051722614
Mamu-B*17:01,FSTPEEKF,87501,-0.051722614
Mamu-B*17:01,FTAVGKEF,64601,-0.023679495
Mamu-B*17:01,GAPQLNPI,87501,-0.051722614
Mamu-B*17:01,GEVLAWKF,36700,0.02858157
Mamu-B*17:01,GGPNLYNI,87501,-0.051722614
Mamu-B*17:01,GIPLYDAI,87501,-0.051722614
Mamu-B*17:01,GKEAIVIW,235001,-0.143031282
Mamu-B*17:01,HKVGKNVY,50001,-1.85E-06
Mamu-B*17:01,HLEVQGYW,17,0.738144972
Mamu-B*17:01,HLEVQGYW,17,0.738144972
Mamu-B*17:01,HLTPEKGW,11501,0.135824319
Mamu-B*17:01,HSTYFPCF,19301,0.08797464
Mamu-B*17:01,HTDNGANF,14100,0.116993914
Mamu-B*17:01,IEGEETYY,87501,-0.051722614
Mamu-B*17:01,IKSQDNQW,10701,0.142487745
Mamu-B*17:01,ILLHSTYF,58801,-0.014985137
Mamu-B*17:01,ILLRIVIY,50001,-1.85E-06
Mamu-B*17:01,IRFPKTFG,1001,0.361469838
Mamu-B*17:01,IRLLTWLF,3131,0.256074615
Mamu-B*17:01,IRQIINTW,78300,-0.041454139
Mamu-B*17:01,ITWYSKNF,87501,-0.051722614
Mamu-B*17:01,KCCYHCQF,36200,0.0298494
Mamu-B*17:01,KKEYNETW,3921,0.235279893
Mamu-B*17:01,KKGLGICY,50001,-1.85E-06
Mamu-B*17:01,KKKDKNKW,50001,-1.85E-06
Mamu-B*17:01,KLIEEKKF,29401,0.049076266
Mamu-B*17:01,KLNSWDVF,50001,-1.85E-06
Mamu-B*17:01,KLVGVLNW,50001,-1.85E-06
Mamu-B*17:01,KRDKKKEY,78300,-0.041454139
Mamu-B*17:01,KRRWRRRW,10201,0.146910335
Mamu-B*17:01,KVPAQNAI,87501,-0.051722614
Mamu-B*17:01,LERWHSLI,87501,-0.051722614
Mamu-B*17:01,LLHLNSLF,50001,-1.85E-06
Mamu-B*17:01,LLHQTNPY,67100,-0.027187344
Mamu-B*17:01,LLKLAGRW,1470,0.325954979
Mamu-B*17:01,LLSVYGIY,50001,-1.85E-06
Mamu-B*17:01,LPAMCNVY,1820,0.306215748
Mamu-B*17:01,LRARGETY,1240,0.341680904
Mamu-B*17:01,LRCNDTNY,29401,0.049076266
Mamu-B*17:01,LSCEGQKY,87501,-0.051722614
Mamu-B*17:01,LSEGCTPY,87501,-0.051722614
Mamu-B*17:01,MEEEKRWI,87501,-0.051722614
Mamu-B*17:01,MGLIYNRM,87501,-0.051722614
Mamu-B*17:01,MMINPFMI,24700,0.065178763
Mamu-B*17:01,MNPNQKII,87501,-0.051722614
Mamu-B*17:01,MRHVLEPF,40,0.659061456
Mamu-B*17:01,MRHVLEPF,41,0.656779282
Mamu-B*17:01,MSYSSVMI,5671,0.20117395
Mamu-B*17:01,NAPNHEGI,87501,-0.051722614
Mamu-B*17:01,NEAAFEFI,87501,-0.051722614
Mamu-B*17:01,NKSETDRW,4271,0.227377581
Mamu-B*17:01,PIYKRGDM,87501,-0.051722614
Mamu-B*17:01,PKEPFQSY,50001,-1.85E-06
Mamu-B*17:01,PKQAWCWF,78300,-0.041454139
Mamu-B*17:01,PKWNNETW,855,0.376040683
Mamu-B*17:01,PRKPIKCW,50001,-1.85E-06
Mamu-B*17:01,PRQTGGFF,50001,-1.85E-06
Mamu-B*17:01,PSYVKYRY,87501,-0.051722614
Mamu-B*17:01,QESCDKHY,87501,-0.051722614
Mamu-B*17:01,QKDPPFQW,50001,-1.85E-06
Mamu-B*17:01,QKYNQGQY,118001,-0.079361154
Mamu-B*17:01,QLIRLLTW,50001,-1.85E-06
Mamu-B*17:01,QLLSCCRF,23501,0.069777773
Mamu-B*17:01,QPQQLPQF,87501,-0.051722614
Mamu-B*17:01,QPSSQVSF,15800,0.10647289
Mamu-B*17:01,QRALFMHF,4271,0.227377581
Mamu-B*17:01,QREPWDEW,427,0.440211818
Mamu-B*17:01,QREPWDEW,436,0.438284031
Mamu-B*17:01,QSYVDRFY,87501,-0.051722614
Mamu-B*17:01,QTSTWFGF,87501,-0.051722614
Mamu-B*17:01,RALLSRVY,87501,-0.051722614
Mamu-B*17:01,RFPKTFGW,186,0.517019061
Mamu-B*17:01,RNPGNAEF,44600,0.010562984
Mamu-B*17:01,RRQRKRRW,67100,-0.027187344
Mamu-B*17:01,RTFSFQLI,56100,-0.01063911
Mamu-B*17:01,SKEGKAGY,235001,-0.143031282
Mamu-B*17:01,SLIANIDW,50001,-1.85E-06
Mamu-B*17:01,SLIKYLKY,78300,-0.041454139
Mamu-B*17:01,SNIKTMMI,87501,-0.051722614
Mamu-B*17:01,SRNKRGVF,50001,-1.85E-06
Mamu-B*17:01,TEMAEAEY,87501,-0.051722614
Mamu-B*17:01,TIKSNILM,87501,-0.051722614
Mamu-B*17:01,TLRRGGRW,516,0.422713978
Mamu-B*17:01,TLYVTVFY,27601,0.054915266
Mamu-B*17:01,TMMINPFM,87501,-0.051722614
Mamu-B*17:01,TRAENRTY,78300,-0.041454139
Mamu-B*17:01,TSPIVPSF,87501,-0.051722614
Mamu-B*17:01,TTEQEIQF,87501,-0.051722614
Mamu-B*17:01,VKELVFKF,235001,-0.143031282
Mamu-B*17:01,VLDIGDAY,50001,-1.85E-06
Mamu-B*17:01,VLRTELTY,50001,-1.85E-06
Mamu-B*17:01,VSDLYTSM,87501,-0.051722614
Mamu-B*17:01,VSSCTRMM,87501,-0.051722614
Mamu-B*17:01,VTTTNPLI,87501,-0.051722614
Mamu-B*17:01,WKGSPAIF,50001,-1.85E-06
Mamu-B*17:01,WTCSRVIF,87501,-0.051722614
Mamu-B*17:01,WTDVTPDY,87501,-0.051722614
Mamu-B*17:01,WTNCRGEF,87501,-0.051722614
Mamu-B*17:01,YKVLPQGW,3921,0.235279893
Mamu-B*17:01,YLQYGWSY,94000,-0.058344243
Mamu-B*17:01,YPQPQPQY,9911,0.14957587
Mamu-B*17:01,YPQSQPQY,87501,-0.051722614
Mamu-B*17:01,YPSGQGSF,87501,-0.051722614
Mamu-B*17:01,YRLELGDY,50001,-1.85E-06
HLA-A*01:01,NRKLLDIA,50001,-1.85E-06
HLA-A*01:01,RDWAHNSL,1801,0.307185679
HLA-A*01:01,RNWAHSSL,2201,0.288648355
HLA-A*02:01,AAPPVAPA,5000,0.212812595
HLA-A*02:01,ALPPVAPV,217,0.502771941
HLA-A*02:01,ALTGTEKL,50001,-1.85E-06
HLA-A*02:01,ALTVVWLL,7143,0.179845658
HLA-A*02:01,CITQGKAI,50001,-1.85E-06
HLA-A*02:01,DLNLGNLN,5000,0.212812595
HLA-A*02:01,FLPSDFFP,50001,-1.85E-06
HLA-A*02:01,FLYGALLL,144,0.540673277
HLA-A*02:01,GLSRYVAL,43,0.652377339
HLA-A*02:01,GLSRYVAR,50001,-1.85E-06
HLA-A*02:01,HLFIAAFV,1088,0.353767125
HLA-A*02:01,HLYQGCQV,148,0.538140973
HLA-A*02:01,LSRYVARL,50001,-1.85E-06
HLA-A*02:01,PSDFFPSV,50001,-1.85E-06
HLA-A*02:01,QMTFHLFI,1852,0.304604843
HLA-A*02:01,RDWAHNSL,69401,-0.030303604
HLA-A*02:01,RLHKRQPV,2941,0.261860573
HLA-A*02:01,RNWAHSSL,69401,-0.030303604
HLA-A*02:01,TINKEEAL,30001,0.047209127
HLA-A*02:01,TLGIVCPI,701,0.394395364
HLA-A*02:01,TLGIVCPI,34,0.674081998
HLA-A*02:01,TLIDVCPI,34,0.674081998
HLA-A*02:01,TLSKIFKL,2382,0.281344262
HLA-A*02:02,AAPPVAPA,1536,0.321895817
HLA-A*02:02,ALPPVAPV,7167,0.179535643
HLA-A*02:02,RDWAHNSL,70001,-0.031099207
HLA-A*02:02,RNWAHSSL,70001,-0.031099207
HLA-A*02:03,AAPPVAPA,1178,0.346421601
HLA-A*02:03,ALPPVAPV,501,0.425440528
HLA-A*02:03,RDWAHNSL,70400,-0.031624517
HLA-A*02:03,RNWAHSSL,87701,-0.051933624
HLA-A*02:06,AAPPVAPA,1234,0.342129199
HLA-A*02:06,ALPPVAPV,286,0.47725437
HLA-A*02:06,RDWAHNSL,55701,-0.009979418
HLA-A*02:06,RNWAHSSL,58301,-0.014195877
HLA-A*03:01,KTSERQPR,69,0.608669753
HLA-A*03:01,RDWAHNSL,87301,-0.051511121
HLA-A*03:01,RNWAHSSL,87301,-0.051511121
HLA-A*11:01,KTSERQPR,38,0.663802153
HLA-A*11:01,QSSKALQR,30001,0.047209127
HLA-A*11:01,RDWAHNSL,87000,-0.05119191
HLA-A*11:01,RNWAHSSL,87000,-0.05119191
HLA-A*11:01,TGFKQSSK,30001,0.047209127
HLA-A*31:01,KTSERQPR,67,0.611388283
HLA-A*31:01,RDWAHNSL,67100,-0.027187344
HLA-A*31:01,RNWAHSSL,17800,0.09545709
HLA-A*33:01,KTSERQPR,1813,0.306571908
HLA-A*33:01,RDWAHNSL,78400,-0.041572102
HLA-A*33:01,RNWAHSSL,87600,-0.051827124
HLA-A*68:01,KTSERQPR,146,0.539398452
HLA-A*68:01,RDWAHNSL,87900,-0.052143102
HLA-A*68:01,RNWAHSSL,87900,-0.052143102
HLA-A*68:02,AAPPVAPA,4707,0.218393777
HLA-A*68:02,ALPPVAPV,68,0.610019023
HLA-A*68:02,RDWAHNSL,69800,-0.030833442
HLA-A*68:02,RNWAHSSL,69800,-0.030833442
HLA-B*07:02,APAYSRAL,215,0.503627719
HLA-B*07:02,FPGQQQPF,37401,0.026832857
HLA-B*07:02,FPQPQLPY,14100,0.116993914
HLA-B*07:02,FPSQQPYL,1031,0.358740604
HLA-B*07:02,GPLLVLQA,10000,0.14874962
HLA-B*07:02,IPCMDVVL,40401,0.019701741
HLA-B*07:02,IPCRDVVL,3680,0.241142673
HLA-B*07:02,IPFYGKAI,498,0.425995625
HLA-B*07:02,IPIPSSWA,10000,0.14874962
HLA-B*07:02,IPQSLDSW,10000,0.14874962
HLA-B*07:02,LPAMCNVY,21201,0.07929688
HLA-B*07:02,LPIFFCLW,10000,0.14874962
HLA-B*07:02,LPYGRTNL,54,0.631324789
HLA-B*07:02,LPYPQPQL,109,0.56640998
HLA-B*07:02,NPQAQGSV,3661,0.241621094
HLA-B*07:02,QPFLQPQL,349,0.458854723
HLA-B*07:02,QPFPQPQL,583,0.411430898
HLA-B*07:02,QPLQQYPL,8451,0.164304497
HLA-B*07:02,QPLSQVSF,6871,0.183433828
HLA-B*07:02,QPQEQVPL,87301,-0.051511121
HLA-B*07:02,QPQQLPQF,1460,0.326585858
HLA-B*07:02,QPRPRDNF,530,0.420239783
HLA-B*07:02,QPSSQVSF,26201,0.05972631
HLA-B*07:02,RDWAHNSL,5681,0.201011118
HLA-B*07:02,RNWAHSSL,57401,-0.012757999
HLA-B*07:02,VPFVQWFV,5500,0.20400371
HLA-B*07:02,VPLQLPPL,114,0.562264741
HLA-B*07:02,YPALMPLY,10000,0.14874962
HLA-B*07:02,YPLGQGSF,5551,0.203150643
HLA-B*07:02,YPQPQLPY,22600,0.073390885
HLA-B*07:02,YPQPQPQY,87301,-0.051511121
HLA-B*07:02,YPQSQPQY,87301,-0.051511121
HLA-B*07:02,YPSGQGSF,11101,0.139095994
HLA-B*08:01,RDWAHNSL,83400,-0.047286117
HLA-B*08:01,RNWAHSSL,67501,-0.027738037
HLA-B*18:01,AELLAACF,6,0.834399613
HLA-B*18:01,AELLAACF,6,0.834399613
HLA-B*18:01,IEAEVIPA,52,0.634812876
HLA-B*18:01,IEAEVIPA,62,0.618556473
HLA-B*18:01,IEAQQHLL,52,0.634812876
HLA-B*18:01,IEAQQHLL,374,0.452460518
HLA-B*18:01,RDWAHNSL,88600,-0.052876208
HLA-B*18:01,TERQANFL,52,0.634812876
HLA-B*18:01,TERQANFL,305,0.471309705
HLA-B*35:01,FPGQQQPF,87801,-0.052038948
HLA-B*35:01,FPQPQLPY,245,0.491555366
HLA-B*35:01,FPSQQPYL,735,0.390017954
HLA-B*35:01,IPCMDVVL,16201,0.104156481
HLA-B*35:01,IPCRDVVL,17101,0.099159709
HLA-B*35:01,LPAMCNVY,42,0.654552106
HLA-B*35:01,LPYPQPQL,10601,0.143355495
HLA-B*35:01,NPQAQGSV,87801,-0.052038948
HLA-B*35:01,QPFLQPQL,87801,-0.052038948
HLA-B*35:01,QPFPQPQL,87801,-0.052038948
HLA-B*35:01,QPLQQYPL,36100,0.030105066
HLA-B*35:01,QPLSQVSF,15001,0.111269021
HLA-B*35:01,QPQEQVPL,87801,-0.052038948
HLA-B*35:01,QPQQLPQF,87801,-0.052038948
HLA-B*35:01,QPSSQVSF,23900,0.068221781
HLA-B*35:01,RDWAHNSL,87801,-0.052038948
HLA-B*35:01,RNWAHSSL,87801,-0.052038948
HLA-B*35:01,YPLGQGSF,1520,0.322863609
HLA-B*35:01,YPQPQLPY,249,0.490058599
HLA-B*35:01,YPQPQPQY,473,0.43075586
HLA-B*35:01,YPQSQPQY,290,0.475970692
HLA-B*35:01,YPSGQGSF,4880,0.215057807
HLA-B*40:01,AELLAACF,734,0.390143785
HLA-B*40:01,AELLAACF,734,0.390143785
HLA-B*40:01,IEAEVIPA,740,0.389391352
HLA-B*40:01,IEAEVIPA,5949,0.196750785
HLA-B*40:01,IEAQQHLL,740,0.389391352
HLA-B*40:01,IEAQQHLL,60,0.621587018
HLA-B*40:01,RDWAHNSL,88900,-0.053188626
HLA-B*40:01,TERQANFL,740,0.389391352
HLA-B*40:01,TERQANFL,224,0.499837621
HLA-B*40:02,AELLAACF,94,0.580093541
HLA-B*40:02,AELLAACF,94,0.580093541
HLA-B*40:02,IEAEVIPA,4522,0.222099619
HLA-B*40:02,IEAEVIPA,63,0.617077669
HLA-B*40:02,IEAQQHLL,4522,0.222099619
HLA-B*40:02,IEAQQHLL,69,0.608669753
HLA-B*40:02,RDWAHNSL,89500,-0.05381031
HLA-B*40:02,TERQANFL,4522,0.222099619
HLA-B*40:02,TERQANFL,24,0.706273664
HLA-B*44:02,AELLAACF,10,0.787187405
HLA-B*44:02,AELLAACF,10,0.787187405
HLA-B*44:02,IEAEVIPA,265,0.484302757
HLA-B*44:02,IEAEVIPA,860,0.37550177
HLA-B*44:02,IEAQQHLL,265,0.484302757
HLA-B*44:02,IEAQQHLL,7931,0.170173901
HLA-B*44:02,RDWAHNSL,75401,-0.037967278
HLA-B*44:02,TERQANFL,265,0.484302757
HLA-B*44:02,TERQANFL,9047,0.158005991
HLA-B*44:03,AELLAACF,27,0.695387763
HLA-B*44:03,AELLAACF,27,0.695387763
HLA-B*44:03,IEAEVIPA,173,0.523715601
HLA-B*44:03,IEAEVIPA,6398,0.19002585
HLA-B*44:03,IEAQQHLL,173,0.523715601
HLA-B*44:03,IEAQQHLL,20001,0.084682025
HLA-B*44:03,RDWAHNSL,87200,-0.051404133
HLA-B*44:03,TERQANFL,173,0.523715601
HLA-B*44:03,TERQANFL,2212,0.288187599
HLA-B*45:01,AELLAACF,247,0.490803953
HLA-B*45:01,AELLAACF,247,0.490803953
HLA-B*45:01,AEMKTDAA,48,0.64221069
HLA-B*45:01,IEAEVIPA,6258,0.192070697
HLA-B*45:01,IEAEVIPA,347,0.459385893
HLA-B*45:01,IEAQQHLL,6258,0.192070697
HLA-B*45:01,TERQANFL,6258,0.192070697
HLA-B*45:01,TERQANFL,9723,0.151345873
HLA-B*51:01,FPGQQQPF,30600,0.045381983
HLA-B*51:01,FPQPQLPY,21,0.718615081
HLA-B*51:01,FPSQQPYL,4,0.871874051
HLA-B*51:01,IPCMDVVL,1300,0.337313635
HLA-B*51:01,IPCRDVVL,68,0.610019023
HLA-B*51:01,LPAMCNVY,5760,0.199734733
HLA-B*51:01,LPYPQPQL,33,0.676841108
HLA-B*51:01,NPQAQGSV,6061,0.195026936
HLA-B*51:01,QPFLQPQL,1110,0.351916915
HLA-B*51:01,QPFPQPQL,2161,0.290343466
HLA-B*51:01,QPLQQYPL,1451,0.327157354
HLA-B*51:01,QPLSQVSF,12600,0.127389504
HLA-B*51:01,QPQEQVPL,42,0.654552106
HLA-B*51:01,QPQQLPQF,87301,-0.051511121
HLA-B*51:01,QPSSQVSF,2961,0.261234184
HLA-B*51:01,RDWAHNSL,87301,-0.051511121
HLA-B*51:01,RNWAHSSL,51200,-0.00219196
HLA-B*51:01,YPLGQGSF,1141,0.349371109
HLA-B*51:01,YPQPQLPY,10900,0.14078479
HLA-B*51:01,YPQPQPQY,19501,0.087021863
HLA-B*51:01,YPQSQPQY,32901,0.03868101
HLA-B*51:01,YPSGQGSF,999,0.361654685
HLA-B*53:01,FPGQQQPF,87701,-0.051933624
HLA-B*53:01,FPQPQLPY,1041,0.35784848
HLA-B*53:01,FPSQQPYL,324,0.465724402
HLA-B*53:01,IPCMDVVL,41101,0.018114101
HLA-B*53:01,IPCRDVVL,49101,0.001676892
HLA-B*53:01,LPAMCNVY,1070,0.355308977
HLA-B*53:01,LPYPQPQL,14901,0.111887199
HLA-B*53:01,NPQAQGSV,87701,-0.051933624
HLA-B*53:01,QPFLQPQL,87701,-0.051933624
HLA-B*53:01,QPFPQPQL,87701,-0.051933624
HLA-B*53:01,QPLQQYPL,22401,0.074208305
HLA-B*53:01,QPLSQVSF,37501,0.026586072
HLA-B*53:01,QPQEQVPL,87701,-0.051933624
HLA-B*53:01,QPQQLPQF,87701,-0.051933624
HLA-B*53:01,QPSSQVSF,38300,0.024637576
HLA-B*53:01,RDWAHNSL,87701,-0.051933624
HLA-B*53:01,RNWAHSSL,49500,0.000928886
HLA-B*53:01,YPLGQGSF,1661,0.314664782
HLA-B*53:01,YPQPQLPY,1340,0.334512713
HLA-B*53:01,YPQPQPQY,5390,0.205870912
HLA-B*53:01,YPQSQPQY,5111,0.21078324
HLA-B*53:01,YPSGQGSF,5150,0.210080672
HLA-B*54:01,FPGQQQPF,87701,-0.051933624
HLA-B*54:01,FPQPQLPY,87701,-0.051933624
HLA-B*54:01,FPSQQPYL,4330,0.226109574
HLA-B*54:01,IPCMDVVL,87701,-0.051933624
HLA-B*54:01,IPCRDVVL,87701,-0.051933624
HLA-B*54:01,LPAMCNVY,2820,0.265743534
HLA-B*54:01,LPYPQPQL,1390,0.331126865
HLA-B*54:01,NPQAQGSV,10900,0.14078479
HLA-B*54:01,QPFLQPQL,6350,0.190721856
HLA-B*54:01,QPFPQPQL,20300,0.083310591
HLA-B*54:01,QPLQQYPL,87701,-0.051933624
HLA-B*54:01,QPLSQVSF,87701,-0.051933624
HLA-B*54:01,QPQEQVPL,43200,0.013510675
HLA-B*54:01,QPQQLPQF,87701,-0.051933624
HLA-B*54:01,QPSSQVSF,87701,-0.051933624
HLA-B*54:01,RDWAHNSL,87701,-0.051933624
HLA-B*54:01,RNWAHSSL,87701,-0.051933624
HLA-B*54:01,YPLGQGSF,53800,-0.006770052
HLA-B*54:01,YPQPQLPY,54500,-0.00796483
HLA-B*54:01,YPQPQPQY,70001,-0.031099207
HLA-B*54:01,YPQSQPQY,62101,-0.020031749
HLA-B*54:01,YPSGQGSF,13301,0.122385482
