allele,peptide,length
HLA-DRB1*0101,MDVFRVARAEWEARV,15
HLA-DRB1*0101,RVQGSVDTLENRRKL,15
HLA-DRB1*0101,AARLEYARITAGAPQ,15
HLA-DRB1*0101,IDPTFYLLRAMAAGL,15
HLA-DRB1*0101,GEYTIPDQGVGAFGG,15
HLA-DRB1*0101,WRFAPPTAGLNGAAS,15
HLA-DRB1*0101,ETPAPYSPTNSAWTL,15
HLA-DRB1*0101,VVARLVFKQLVDSID,15
HLA-DRB1*0101,LPPIATIAFRTARSA,15
HLA-DRB1*0101,LMRIAADENVANAAE,15
HLA-DRB1*0101,LRELKTPGQEDVSAD,15
HLA-DRB1*0101,LAQLTDKVDALSLSL,15
HLA-DRB1*0101,NEGATKVIEVRSEEL,15
HLA-DRB1*0101,VPGGTAKRLAGDFIL,15
HLA-DRB1*0101,GWSEVSLLLAGGRFV,15
HLA-DRB1*0101,PVAFILVWRALGGGI,15
HLA-DRB1*0101,AAAGPRDQELENAES,15
HLA-DRB1*0101,SGTSITAATYVSIEI,15
HLA-DRB1*0101,PVFQTGAYAWDEFAD,15
HLA-DRB1*0101,TSDTDEVVFRHMSGL,15
HLA-DRB1*0101,QGSALGTGDNVPAFR,15
HLA-DRB1*0101,APEDADPASLGTLPL,15
HLA-DRB1*0101,ILLRGDPFSDGDQSA,15
HLA-DRB1*0101,AGGGRILDLPERAGV,15
HLA-DRB1*0101,DIAYSVLGRRRNPGG,15
HLA-DRB1*0101,IALTSLPQIDSEPLR,15
HLA-DRB1*0101,DELTIAREPAAFTFG,15
HLA-DRB1*0101,LTSGADTVAEVGTRE,15
HLA-DRB1*0101,PAMPGVAAHLVASFG,15
HLA-DRB1*0101,VVALQVGPDCDRGAA,15
HLA-DRB1*0101,REAHVVNAGYPAGQL,15
HLA-DRB1*0101,LQYAIGEGTVEAITG,15
HLA-DRB1*0101,GTTRPHNRHLDIVDV,15
HLA-DRB1*0101,RSPGSAVQQFNLEPG,15
HLA-DRB1*0101,GDWFAGIVPAEESAA,15
HLA-DRB1*0101,SVHAGASVVQYEVHV,15
HLA-DRB1*0101,DWKLATSMAMADPLL,15
HLA-DRB1*0101,PNVVLTVAETHQFGE,15
HLA-DRB1*0101,LTDQIKLIVDDAEFK,15
HLA-DRB1*0101,CRSVDTRLLFGCGAP,15
HLA-DRB1*0101,DLPYALLPRLVVCSQ,15
HLA-DRB1*0101,TLTGPEIHAAAVFAT,15
HLA-DRB1*0101,GGDVVPGRPVRHPGT,15
HLA-DRB1*0101,DADTDTLIHRGAGDE,15
HLA-DRB1*0101,LVQERGWETAAIAVV,15
HLA-DRB1*0101,KDQDVLGLVGNVGVP,15
HLA-DRB1*0101,GALCDRELVRHVQRG,15
HLA-DRB1*0101,PQVGRLAPWLLAIDL,15
HLA-DRB1*0101,ALNLLRKAGARRVWI,15
HLA-DRB1*0101,LMDKASDDGRYLNTA,15
HLA-DRB1*0101,DVMPGREITPRSGKD,15
HLA-DRB1*0101,LTRGIEGTPVPTGGI,15
HLA-DRB1*0101,QEEGEAEATAARGLS,15
HLA-DRB1*0101,LQEGALDDVRMVEIQ,15
HLA-DRB1*0101,QTPAPLAESVKKTNI,15
HLA-DRB1*0101,EDTDVDPLDPSGMNP,15
HLA-DRB1*0101,IAMHLAALWPAPGHD,15
HLA-DRB1*0101,LWQGGPNPKTAEILA,15
HLA-DRB1*0101,LTVKTIVWADARGLP,15
HLA-DRB1*0101,AGDFGPRNLTKQVPR,15
HLA-DRB1*0101,ALEQLVAQH,9
HLA-DRB1*0101,AASLWLVVA,9
HLA-DRB1*0101,DPRRGRAFA,9
HLA-DRB1*0101,VLPRGRDDD,9
HLA-DRB1*0101,ASPMVPFVF,9
HLA-DRB1*0101,TLRGEVANV,9
HLA-DRB1*0101,RDWAPADPL,9
HLA-DRB1*0101,RDYLFPAGD,9
HLA-DRB1*0101,IVHLGINAV,9
HLA-DRB1*0101,ADKIAASDD,9
HLA-DRB1*0101,LEAQIANDR,9
HLA-DRB1*0101,GAVVGDGVG,9
HLA-DRB1*0101,PGSSAARLV,9
HLA-DRB1*0101,EEGISADDA,9
HLA-DRB1*0101,SARGAAERL,9
HLA-DRB1*0101,INAGNVTVG,9
HLA-DRB1*0101,EHLALLEAP,9
HLA-DRB1*0101,VVPLDERTT,9
HLA-DRB1*0101,AAFGHVGYA,9
HLA-DRB1*0101,PGGAQGITL,9
HLA-DRB1*0101,LFIGVWAGRD,10
HLA-DRB1*0101,RIPRGFLIGP,10
HLA-DRB1*0101,RRLPAWLRTR,10
HLA-DRB1*0101,SLFMFETGRP,10
HLA-DRB1*0101,VLFLEKASHA,10
HLA-DRB1*0101,LIGEHLVWLP,10
HLA-DRB1*0101,PVRRKPGGYT,10
HLA-DRB1*0101,PERMWYLYVF,10
HLA-DRB1*0101,ADIRSDSIAV,10
HLA-DRB1*0101,WEPVGVGSFF,10
HLA-DRB1*0101,LFLYHGTPHLL,11
HLA-DRB1*0101,RTTRLFVHWLV,11
HLA-DRB1*0101,AEHAMRGWAPT,11
HLA-DRB1*0101,LVKKESTAELA,11
HLA-DRB1*0101,GRTGRCVECHH,11
HLA-DRB1*0101,PVHDAGQELTW,11
HLA-DRB1*0101,AVHVFADFNSL,11
HLA-DRB1*0101,EADTTVAPDAM,11
HLA-DRB1*0101,AAPGPTATAAA,11
HLA-DRB1*0101,GEAYEFLADPA,11
HLA-DRB1*0101,ETILPLVVTLDL,12
HLA-DRB1*0101,VSRPAQIGAGCR,12
HLA-DRB1*0101,VLLLRAPGSLVS,12
HLA-DRB1*0101,AWVFARYPALTD,12
HLA-DRB1*0101,PIYDTVETVTVR,12
HLA-DRB1*0101,RLRFGAHVGGHG,12
HLA-DRB1*0101,TDVAGAGNLSLS,12
HLA-DRB1*0101,TLDPADLGAFLT,12
HLA-DRB1*0101,RTPVPTCYTLSP,12
HLA-DRB1*0101,GVGTTVARRFQV,12
HLA-DRB1*0101,LADDPHSSLEVRR,13
HLA-DRB1*0101,LVGGDHPSGGGFP,13
HLA-DRB1*0101,AEQGPLAVLLPRF,13
HLA-DRB1*0101,VAAVQAGRGAVAI,13
HLA-DRB1*0101,REAYGEGTVERLG,13
HLA-DRB1*0101,PIGAAEYGIKVVI,13
HLA-DRB1*0101,RTLADGAYSMGTG,13
HLA-DRB1*0101,LTAVANAALGRGF,13
HLA-DRB1*0101,APDSPLLGGMIRV,13
HLA-DRB1*0101,LGRAALKVKDYLM,13
HLA-DRB1*0101,AIRERMGMWNVVRS,14
HLA-DRB1*0101,SDLTFEWESGATAH,14
HLA-DRB1*0101,PLVGAWYLLANRAY,14
HLA-DRB1*0101,TATARPREDMVREK,14
HLA-DRB1*0101,GMRQQVVVRRYDET,14
HLA-DRB1*0101,VWDTGTQQLPGRAA,14
HLA-DRB1*0101,HRERFLAAALKAAP,14
HLA-DRB1*0101,PRPEAALNKPGALR,14
HLA-DRB1*0101,KVATNTNGDPLPRS,14
HLA-DRB1*0101,AGAGPGVELNVETA,14
HLA-DRB1*0101,LGISHRIQQESTNPQY,16
HLA-DRB1*0101,PGAHSLRRNHEGGLVP,16
HLA-DRB1*0101,DQRTRTAIAVEGVTGA,16
HLA-DRB1*0101,IDSVTVGVLPGLWGGV,16
HLA-DRB1*0101,VGRAAVVTAAMAGVFD,16
HLA-DRB1*0101,KNGPEAVLAFIWAGAL,16
HLA-DRB1*0101,ALPIGRPEWLPIGLDP,16
HLA-DRB1*0101,DVRRDLRQLPGGAQIP,16
HLA-DRB1*0101,LLRQEDHIQRWAVGCS,16
HLA-DRB1*0101,LGIDDIIAARAWTVDG,16
HLA-DRB1*0101,TRGDDTPFGPARIAISS,17
HLA-DRB1*0101,PYDGSFQRIGEGGIEWD,17
HLA-DRB1*0101,SMVKGALVDVAVGEGRV,17
HLA-DRB1*0101,GAPATVHSVVLGNMVAL,17
HLA-DRB1*0101,GLQGGALPADRAVLRSL,17
HLA-DRB1*0101,AKSVRRLAFSEWRILLL,17
HLA-DRB1*0101,VLLELSPEKLRGPEVVP,17
HLA-DRB1*0101,MGSSEGHLVAREGAYGS,17
HLA-DRB1*0101,KTVEGDAFAEHDVLRGE,17
HLA-DRB1*0101,LGRRLREAHFDAFAQGR,17
HLA-DRB1*0101,VPWVVQSTPLEFTFERVR,18
HLA-DRB1*0101,QLDDYVTGEVYEDFNKGA,18
HLA-DRB1*0101,ASAVAKGIADEAEDPSYQ,18
HLA-DRB1*0101,DVADQRRPTERFGESTLE,18
HLA-DRB1*0101,VAAVAALRAGRTFMPLPI,18
HLA-DRB1*0101,TGRGVLTGTRGVRNDART,18
HLA-DRB1*0101,DAMIDVPLSALRYLGPGI,18
HLA-DRB1*0101,TVDPLRYLVLLPVSIPGA,18
HLA-DRB1*0101,LTRRLPQRAARQEYVAAG,18
HLA-DRB1*0101,GHAARGYRYDGAVKLASF,18
HLA-DRB1*0101,AAQVKILGTLACLAAGAGR,19
HLA-DRB1*0101,PRAKARAACTEARDVAIRS,19
HLA-DRB1*0101,VHLFPQAGDQGGLPYGQNL,19
HLA-DRB1*0101,LVGWDAQGPPAQGISALRP,19
HLA-DRB1*0101,ARGKGAFGRGAVTDAAADG,19
HLA-DRB1*0101,NQLTLAQVRLFMATHDSAS,19
HLA-DRB1*0101,EALGEVGLAAVAGAYLFRA,19
HLA-DRB1*0101,NYPVGLGAIVPGQQREMVA,19
HLA-DRB1*0101,GDRGGHGDPSEMLAQGASV,19
HLA-DRB1*0101,QSIAAPHMLWPNDLTSGDP,19
HLA-DRB1*0101,EIRAAAVESTTMELHGSLSD,20
HLA-DRB1*0101,RAQGAANQRFPKTTLLALSV,20
HLA-DRB1*0101,VADATGLLMARRLEALDGRV,20
HLA-DRB1*0101,MLQQDIGVMRFAPYHAHALA,20
HLA-DRB1*0101,RRGLEQAGWAGYALGDPVEP,20
HLA-DRB1*0101,SNLGGLLWPDRAYGLRVVAA,20
HLA-DRB1*0101,PDAKISSETANPRRAPAMPA,20
HLA-DRB1*0101,GEVDGAIYLPQFPCRLDLPV,20
HLA-DRB1*0101,VGIGGAAEMRLEAALTPAER,20
HLA-DRB1*0101,ADPVTFFLGVNDLHARAAMG,20
HLA-DRB1*0101,PQVAQLADF,9
HLA-DRB1*0101,DFSLQGGER,9
HLA-DRB1*0101,QGFAYSVKA,9
HLA-DRB1*0101,TLETLRATG,9
HLA-DRB1*0101,DDGLDLPSA,9
HLA-DRB1*0101,VEFGRRPGT,9
HLA-DRB1*0101,SALFAMFQV,9
HLA-DRB1*0101,LRAIDRLVP,9
HLA-DRB1*0101,VDPSTGDRE,9
HLA-DRB1*0101,LRGILPGDM,9
HLA-DRB1*0101,GQGTSPLLT,9
HLA-DRB1*0101,RVNDVDPAT,9
HLA-DRB1*0101,QVSKHVRRG,9
HLA-DRB1*0101,RAVRLPGHH,9
HLA-DRB1*0101,APLFLITAD,9
HLA-DRB1*0101,KTQPPGADT,9
HLA-DRB1*0101,GQTYEVNEP,9
HLA-DRB1*0101,TSYECAPLT,9
HLA-DRB1*0101,DARAATDGS,9
HLA-DRB1*0101,PEAVRRRLF,9
HLA-DRB1*0101,GTDNTALAVG,10
HLA-DRB1*0101,AQDLRRWYTR,10
HLA-DRB1*0101,WDATLLFADT,10
HLA-DRB1*0101,DEGWARVRER,10
HLA-DRB1*0101,TEALDEDFDR,10
HLA-DRB1*0101,IYRDCTSLED,10
HLA-DRB1*0101,VVILVRQDLS,10
HLA-DRB1*0101,AQSRGRSMTV,10
HLA-DRB1*0101,TTPLKRNEVK,10
HLA-DRB1*0101,AAFHPQAVLG,10
HLA-DRB1*0101,DVGHRVATMF,10
HLA-DRB1*0101,FFGCLPDFFW,10
HLA-DRB1*0101,CQDLVHLALS,10
HLA-DRB1*0101,FLRAETAAVL,10
HLA-DRB1*0101,IHVVDVAAKR,10
HLA-DRB1*0101,VIHVIRPPRA,10
HLA-DRB1*0101,RPEDVARAIG,10
HLA-DRB1*0101,EDGTDTAGLL,10
HLA-DRB1*0101,GPASPAAAGI,10
HLA-DRB1*0101,TDCKLSVPEL,10
HLA-DRB1*0101,WHLYVCVARRA,11
HLA-DRB1*0101,EVMGVMHVKLA,11
HLA-DRB1*0101,SMPAFQFLVPS,11
HLA-DRB1*0101,GWFGEDWTGVS,11
HLA-DRB1*0101,TPSDGSPASNR,11
HLA-DRB1*0101,AAKDAAGMQPR,11
HLA-DRB1*0101,RYRLGAVRAEE,11
HLA-DRB1*0101,GKTDGVAAVLP,11
HLA-DRB1*0101,RALEKKARATD,11
HLA-DRB1*0101,VTLRLTILLGP,11
HLA-DRB1*0101,RINPKPADGQR,11
HLA-DRB1*0101,VAFFAGWAAAA,11
HLA-DRB1*0101,ELYGLAGVTWV,11
HLA-DRB1*0101,HLVASDFDAIA,11
HLA-DRB1*0101,DYRVAEAGAVW,11
HLA-DRB1*0101,PRAQALVPLRA,11
HLA-DRB1*0101,VAARVVDFERF,11
HLA-DRB1*0101,LAPHSVGHLLL,11
HLA-DRB1*0101,LDVAEYIRHET,11
HLA-DRB1*0101,PDPAETEYAAE,11
HLA-DRB1*0101,RAKGKVTGAGHA,12
HLA-DRB1*0101,RALETREARARR,12
HLA-DRB1*0101,KLGGATGPPPGP,12
HLA-DRB1*0101,AGIAPLLPWAED,12
HLA-DRB1*0101,ATAAGFLWFKFR,12
HLA-DRB1*0101,RFGGAWLRLRLE,12
HLA-DRB1*0101,SLPPPERGPGTA,12
HLA-DRB1*0101,PVETGVNTGLGT,12
HLA-DRB1*0101,PGDPVAKWTVGD,12
HLA-DRB1*0101,WSRALVQVRDLL,12
HLA-DRB1*0101,RVVIASSGRALF,12
HLA-DRB1*0101,AQSRRAETATAD,12
HLA-DRB1*0101,DQPIETRGAIVF,12
HLA-DRB1*0101,AQEVLLIRITAL,12
HLA-DRB1*0101,DDALLWGGGAID,12
HLA-DRB1*0101,ARILFVMTSGAR,12
HLA-DRB1*0101,ILDNGLATAATS,12
HLA-DRB1*0101,AAAEERLLPPAG,12
HLA-DRB1*0101,AVSVFDPERTLN,12
HLA-DRB1*0101,IAAPARPHPVGW,12
HLA-DRB1*0101,ADGYLRANRFEIA,13
HLA-DRB1*0101,VGFAVGTEDTWLE,13
HLA-DRB1*0101,AVMLWTNVRGELV,13
HLA-DRB1*0101,ANPAANALEPSAV,13
HLA-DRB1*0101,ALTGEPDDGDKAR,13
HLA-DRB1*0101,DRLGDLNLRDTAL,13
HLA-DRB1*0101,SDAVAEGGRAAAL,13
HLA-DRB1*0101,DVPRLGTVTERRA,13
HLA-DRB1*0101,RYRGRGEFPISTR,13
HLA-DRB1*0101,VLKLDLWRFRRHD,13
HLA-DRB1*0101,ERMPTAMTLVAAG,13
HLA-DRB1*0101,TGRGVVTGGSDRS,13
HLA-DRB1*0101,AHKSQDDILSALL,13
HLA-DRB1*0101,PAEPAHLLTSTGM,13
HLA-DRB1*0101,ALAAVALWLPVEG,13
HLA-DRB1*0101,GRDTLSEDQFAVD,13
HLA-DRB1*0101,LTTTDTVILRPEV,13
HLA-DRB1*0101,EQDVVEFSLKNES,13
HLA-DRB1*0101,RHAVRAFTVVPDV,13
HLA-DRB1*0101,APVDLALAWSSLL,13
HLA-DRB1*0101,DEPLATLGVATRLC,14
HLA-DRB1*0101,FELSDTPAEALRGP,14
HLA-DRB1*0101,AAAMPKIYYVPDAD,14
HLA-DRB1*0101,IRNDATLDDGLLFS,14
HLA-DRB1*0101,WEALHAIAATASQE,14
HLA-DRB1*0101,KPESERALTAAQAM,14
HLA-DRB1*0101,RAGTDSEARGTMSG,14
HLA-DRB1*0101,ESVGLDLALRLEAA,14
HLA-DRB1*0101,AVIPGTYGREKEYT,14
HLA-DRB1*0101,RGDLEDPDEAEHKD,14
HLA-DRB1*0101,AGSDMGRAPDCRRK,14
HLA-DRB1*0101,LHDDENDDQGDDLY,14
HLA-DRB1*0101,LGEPSPAHAEKHGF,14
HLA-DRB1*0101,ELTANEKDRIRDRT,14
HLA-DRB1*0101,LPLADAWAGSGLDA,14
HLA-DRB1*0101,LADLDQAELGDRLG,14
HLA-DRB1*0101,DQEFLTPWIAITTI,14
HLA-DRB1*0101,TCTYGVYGALWFDE,14
HLA-DRB1*0101,ELLSDADLPVGLEH,14
HLA-DRB1*0101,CAPAGTFFRTTLRR,14
HLA-DRB1*0101,RFTDVLSENTAYRFG,15
HLA-DRB1*0101,EDDLPGARDDALNRA,15
HLA-DRB1*0101,VLTIEGLSDFSLILD,15
HLA-DRB1*0101,TGSKLGQAVEGEADR,15
HLA-DRB1*0101,LAVSSRALGYPDAAE,15
HLA-DRB1*0101,LAPLGIPTVAQPLGQ,15
HLA-DRB1*0101,PSMGSEAGLVRMVIP,15
HLA-DRB1*0101,PEASSDVVTNGDDPL,15
HLA-DRB1*0101,RRTENIGRVHAAGPR,15
HLA-DRB1*0101,TRGASTWAGRHDDLV,15
HLA-DRB1*0101,GGAWLGRDSASTQCV,15
HLA-DRB1*0101,DGRVVLRRVDGGAYV,15
HLA-DRB1*0101,RVTKAFGVRETLLGR,15
HLA-DRB1*0101,ARRSGAPTDTPSLER,15
HLA-DRB1*0101,LVASVREGDASSAAK,15
HLA-DRB1*0101,GETVQPAHKLKDNDT,15
HLA-DRB1*0101,DLLGPSVRLALDVVE,15
HLA-DRB1*0101,PNAVACGENASVSEV,15
HLA-DRB1*0101,HVPAKNPLAITPTLP,15
HLA-DRB1*0101,GLQRLCAQATLGAPG,15
HLA-DRB1*0101,AEQARCLTGETFHPGL,16
HLA-DRB1*0101,HLPFFIGVDRDLAMES,16
HLA-DRB1*0101,IPLQTRDSAVPATEDT,16
HLA-DRB1*0101,FLGQAYAVTHAVKDFW,16
HLA-DRB1*0101,DYRALAVLHRAEGQAN,16
HLA-DRB1*0101,WAEGPTTAVGLTTISV,16
HLA-DRB1*0101,RADAQVFRSEDQEQGA,16
HLA-DRB1*0101,RAELWDRPTVLARRVI,16
HLA-DRB1*0101,RSGTHPCTLPSVWAVP,16
HLA-DRB1*0101,VTPLQEPDRLKADSGK,16
HLA-DRB1*0101,LAERANTALVGPRTGN,16
HLA-DRB1*0101,RFARRPAGRTVTEAGL,16
HLA-DRB1*0101,EIQALGPEAAGDEPGF,16
HLA-DRB1*0101,LGRDTPDGQKYPSRER,16
HLA-DRB1*0101,AYRTITRLEERSNTVQ,16
HLA-DRB1*0101,DTFCRTVEAPDRGRSL,16
HLA-DRB1*0101,EDLYEGLLFASAKGPP,16
HLA-DRB1*0101,SGMGEAALSLHVNHAA,16
HLA-DRB1*0101,TDHEPSHREEGDVLEG,16
HLA-DRB1*0101,RVPPDSVASAEFTWPY,16
HLA-DRB1*0101,GLLDQSFLIDRHVIHGL,17
HLA-DRB1*0101,EIFARSGAAADAYGLRK,17
HLA-DRB1*0101,DGLAVALGQTGGIARPL,17
HLA-DRB1*0101,PLPDAADAASRRCEGAL,17
HLA-DRB1*0101,DNVMGLARVKYAVIATS,17
HLA-DRB1*0101,KGVSSRPSIGRGLKYVL,17
HLA-DRB1*0101,QGGRLPPAIGAASKLLA,17
HLA-DRB1*0101,DPDDPLAVRFFITNRVP,17
HLA-DRB1*0101,EIRVARIRIPPAHERLN,17
HLA-DRB1*0101,VPSGAATATRLMHLDTG,17
HLA-DRB1*0101,MEDVQPRAKHGERLMLL,17
HLA-DRB1*0101,RSHLGSQTEGAVPPAGQ,17
HLA-DRB1*0101,RVPIRRELYLWRLTVIP,17
HLA-DRB1*0101,IAPFFVLVGPAHALGHD,17
HLA-DRB1*0101,QRHRNAGAIVLGVFTDL,17
HLA-DRB1*0101,LQAEALFSGTAHVLLAA,17
HLA-DRB1*0101,LDYSFLRIRASLYVRLA,17
HLA-DRB1*0101,KECRGLPVGDRGLRNPQ,17
HLA-DRB1*0101,GHEPGTEVRLLQLFLEP,17
HLA-DRB1*0101,ALLELTDWLDWEFGVTR,17
HLA-DRB1*0101,LHVTLGEVGATVDAAVAI,18
HLA-DRB1*0101,AGGVTENHPVPTIMPLDD,18
HLA-DRB1*0101,AGVIGMLQDGVEGWKGAE,18
HLA-DRB1*0101,RLEPATCEGAADTARKSA,18
HLA-DRB1*0101,RDAMGPWVIQDRVVTQPF,18
HLA-DRB1*0101,VPGIAQRADFLTEAGGQS,18
HLA-DRB1*0101,GQMVTSGTTTPTRLALRI,18
HLA-DRB1*0101,EDVLIMTAPDLAVIVNVL,18
HLA-DRB1*0101,IVPMIVRPPGVTWALFAN,18
HLA-DRB1*0101,SARYAKPGYFSVLGDEPP,18
HLA-DRB1*0101,EEMAYLKYTSLTGAAYAG,18
HLA-DRB1*0101,LGVCLLTIRYILNEELST,18
HLA-DRB1*0101,QALIAPVSTGSDGSTEST,18
HLA-DRB1*0101,PGAATTDGRWGARRLGHD,18
HLA-DRB1*0101,SVTAMTSALGQAPALGGR,18
HLA-DRB1*0101,HVAPDAVPPPALTHDVPL,18
HLA-DRB1*0101,DAVHRAALLWTGRSQSRM,18
HLA-DRB1*0101,MTQLGRLGDGRGDVLLGA,18
HLA-DRB1*0101,AYANVAHHLFAGMVLPAE,18
HLA-DRB1*0101,TRPPQAITDRPAGVVVSR,18
HLA-DRB1*0101,ADDVDTVSEGKDAVALATG,19
HLA-DRB1*0101,VPTMVPYNTGAMGGRNPVE,19
HLA-DRB1*0101,EPFPARATIFAARLTAGVA,19
HLA-DRB1*0101,PDGLLHQPLSPRPIAALPA,19
HLA-DRB1*0101,AVPAELTTLFADHEVLDRW,19
HLA-DRB1*0101,VELDRGATMPCQRGITSDK,19
HLA-DRB1*0101,FLAVVALKVETLVLRLGPP,19
HLA-DRB1*0101,AQEAFPCEFRDPRAGPREL,19
HLA-DRB1*0101,AKFAVGGDAAAELRLGAHR,19
HLA-DRB1*0101,LNRLRGTSLDLPLLGSATN,19
HLA-DRB1*0101,MRRDPRKPREREERNGPRA,19
HLA-DRB1*0101,LFDQLTIKSLQESCEQPVW,19
HLA-DRB1*0101,GPPYADSLYTNVASATRAC,19
HLA-DRB1*0101,AWYAGAALHVEVGDSDDDA,19
HLA-DRB1*0101,GLIIPRDTARGGTCRVLDP,19
HLA-DRB1*0101,AGLATPKGSVGLIDGSIGA,19
HLA-DRB1*0101,VGAGVERKASEGTQPNVAY,19
HLA-DRB1*0101,SGGAAPVVALLGWVGEEAW,19
HLA-DRB1*0101,LRPLVNVIALRAASGALVP,19
HLA-DRB1*0101,AGTDSPAFRGSHTGAGTGS,19
HLA-DRB1*0101,FEGEPNEPRALTYLTGGAED,20
HLA-DRB1*0101,DANWLTVPAGSIAVYKTVSY,20
HLA-DRB1*0101,RPSDTTATVIEAVIPGTAAG,20
HLA-DRB1*0101,SARWLAYDNVPLSATQGALG,20
HLA-DRB1*0101,LAPRTFAVAARSELGRGLLL,20
HLA-DRB1*0101,AIVGGRDHAWVDFALDVAIS,20
HLA-DRB1*0101,GYPTEPAPLGSTWRGQVEPA,20
HLA-DRB1*0101,DVAELGTTPDAHVSCIAYAL,20
HLA-DRB1*0101,LFAGTRTEDESDWSCEESAR,20
HLA-DRB1*0101,TDVGERAVRSRRNSHAGGRL,20
HLA-DRB1*0101,VMVPTEVAVRARPRAHRVPA,20
HLA-DRB1*0101,EGSQEVTHATVDFGLDTETL,20
HLA-DRB1*0101,VRARFSDVQLEVEQAMTVPL,20
HLA-DRB1*0101,GTIRLSPRESKPVVPVKVWP,20
HLA-DRB1*0101,NSLLLPLVGAERSGEGEPAR,20
HLA-DRB1*0101,VGSPAHFLEVAGGLVVPEQT,20
HLA-DRB1*0101,HARLVLFALARVQLGGVQAR,20
HLA-DRB1*0101,YGGLLLAGVDDDPRPDEEGR,20
HLA-DRB1*0101,AVANKPTAREPRERVNMAGF,20
HLA-DRB1*0101,LLFGGVYGHAEGWVRLEFSQ,20
HLA-DRB1*0101,TITYGPAATASRRFVCLTLFR,21
HLA-DRB1*0101,LTEWQYVFMVLAALEKVDLTA,21
HLA-DRB1*0101,DAREYSWRAVVMRFEADGAAW,21
HLA-DRB1*0101,AGVEVTPHENTTTVRGARVWP,21
HLA-DRB1*0101,GQDESAPYFGLGELADKVLPV,21
HLA-DRB1*0101,IAHRGSILWCPTDAMAALQAE,21
HLA-DRB1*0101,SARHRASAGFRHGLSDIAPLH,21
HLA-DRB1*0101,VAAARLLSLGYPLPPARAGLP,21
HLA-DRB1*0101,MAVPAGLGDATIHRRVVAAVQ,21
HLA-DRB1*0101,AALAPRNLDLTRAAHVRSGLL,21
HLA-DRB1*0101,GVKAVGSAVFGVTLPGTQVAT,21
HLA-DRB1*0101,PTLLAQLLQGLKERRKRFLGA,21
HLA-DRB1*0101,YERRGPRWIKRAGCRELVPSA,21
HLA-DRB1*0101,LPAPCGLDRTDSLRWAVRCYL,21
HLA-DRB1*0101,RGAAVLPYLVQLRGELGGGLE,21
HLA-DRB1*0101,GSVNASGKKDTLQPRPLSPMS,21
HLA-DRB1*0101,GLLPVAIVADDKLELVSGLLT,21
HLA-DRB1*0101,LVYKVRLVGQNLVPFRAADVE,21
HLA-DRB1*0101,EGMEARDLDAGLFEELPARRH,21
HLA-DRB1*0101,PRLGAHGTRKDAPGDRDGSGW,21
