,peptide,length
0,QGSALGTGDNVPAFR,15
1,APEDADPASLGTLPL,15
2,ILLRGDPFSDGDQSA,15
3,AGGGRILDLPERAGV,15
4,DIAYSVLGRRRNPGG,15
5,IALTSLPQIDSEPLR,15
6,DELTIAREPAAFTFG,15
7,LTSGADTVAEVGTRE,15
8,PAMPGVAAHLVASFG,15
9,VVALQVGPDCDRGAA,15
10,REAHVVNAGYPAGQL,15
11,LQYAIGEGTVEAITG,15
12,GTTRPHNRHLDIVDV,15
13,RSPGSAVQQFNLEPG,15
14,GDWFAGIVPAEESAA,15
15,SVHAGASVVQYEVHV,15
16,DWKLATSMAMADPLL,15
17,PNVVLTVAETHQFGE,15
18,LTDQIKLIVDDAEFK,15
19,CRSVDTRLLFGCGAP,15
20,DLPYALLPRLVVCSQ,15
21,TLTGPEIHAAAVFAT,15
22,GGDVVPGRPVRHPGT,15
23,DADTDTLIHRGAGDE,15
24,LVQERGWETAAIAVV,15
25,KDQDVLGLVGNVGVP,15
26,GALCDRELVRHVQRG,15
27,PQVGRLAPWLLAIDL,15
28,ALNLLRKAGARRVWI,15
29,LMDKASDDGRYLNTA,15
30,DVMPGREITPRSGKD,15
31,LTRGIEGTPVPTGGI,15
32,QEEGEAEATAARGLS,15
33,LQEGALDDVRMVEIQ,15
34,QTPAPLAESVKKTNI,15
35,EDTDVDPLDPSGMNP,15
36,IAMHLAALWPAPGHD,15
37,LWQGGPNPKTAEILA,15
38,LTVKTIVWADARGLP,15
39,AGDFGPRNLTKQVPR,15
